"Probability","TestValue",
0,0,
0,0,
0,0,
1,1,
0,0,
0,0,
1,1,
1,0,
0,0,
0,0,
1,0,
1,0,
0,1,
0,1,
1,1,
1,1,
0,0,
1,1,
1,0,
1,0,
0,1,
0,0,
0,1,
1,0,
1,0,
1,0,
1,0,
1,1,
1,1,
1,1,
0,0,
0,0,
0,1,
1,0,
1,0,
0.0066191307829,0,
0,0,
1,0,
0,0,
1,0,
1,1,
0,0,
0,0,
0,1,
1,1,
1,1,
0,1,
0,0,
0,0,
0,1,
0,0,
0,0,
1,1,
1,1,
0,1,
0,1,
0,0,
1,0,
1,1,
1,1,
1,1,
0,1,
0,0,
0,0,
1,1,
1,1,
0,1,
1,1,
0,0,
0,0,
0,0,
1,1,
0,1,
0,1,
1,1,
1,0,
1,1,
0,1,
0,0,
0,1,
0.434517564593,0,
0,0,
0,1,
1,1,
0,1,
1,0,
0,0,
0,1,
0,0,
1,0,
1,0,
1,1,
0,0,
0,0,
0,1,
1,1,
1,1,
0,1,
0,1,
0,1,
0,0,
0,0,
0,1,
1,1,
0,0,
0,1,
0,1,
0,0,
1,0,
0,0,
1,0,
1,0,
0,0,
0,1,
1,1,
0,0,
0,0,
1,0,
0,0,
1,0,
0,0,
0,0,
0,0,
1,0,
1,1,
1,0,
1,0,
1,1,
1,1,
0,0,
1,0,
1,0,
0,0,
1,0,
1,1,
0,1,
0,1,
0,1,
1,1,
0,0,
1,1,
1,0,
0,1,
1,0,
0,1,
0,1,
1,1,
0,1,
0,1,
0,0,
0,0,
1,1,
0,1,
1,1,
1,1,
1,0,
0,1,
0,0,
0,0,
0,0,
1,1,
1,0,
1,0,
1,0,
1,0,
0,0,
0,0,
0,0,
1,1,
1,1,
1,0,
0,0,
0,1,
1,1,
0,1,
1,1,
1,1,
0,1,
0,1,
1,0,
0,1,
0,0,
0,1,
0,0,
1,1,
1,1,
0,1,
0,0,
1,1,
0,1,
1,1,
1,0,
0,0,
0,1,
0,1,
0,1,
0,1,
0,1,
0,1,
0,1,
0,1,
1,1,
0,1,
1,0,
0,1,
1,1,
0,1,
0,0,
1,1,
1,0,
0,1,
0,0,
0,1,
1,0,
1,1,
1,0,
1,0,
0.0,0,
1,0,
0,0,
0,1,
1,0,
1,0,
0,1,
0,1,
0,0,
1,0,
0,1,
1,1,
0,0,
0,0,
0,0,
1,0,
0,0,
0,0,
0,0,
1,1,
1,0,
0,1,
0,1,
0,1,
1,1,
0,1,
1,1,
0,1,
0,0,
1,1,
0,0,
0,0,
0,1,
1,0,
0,1,
1,0,
0,1,
0,1,
0.0,1,
0,1,
0,0,
0,1,
1,1,
1,0,
0,1,
0,1,
1,1,
1,1,
1,1,
0,0,
0,1,
0,0,
1,1,
0,0,
1,0,
1,0,
0,0,
0,1,
1,1,
1,1,
1,1,
1,1,
0,0,
1,1,
0,1,
0,0,
0,0,
0,1,
0,0,
0,1,
1,1,
0,0,
1,1,
1,1,
1,0,
0,1,
1,1,
1,0,
1,0,
1,0,
0,0,
1,0,
0,1,
1,0,
0,1,
1,0,
0,1,
1,0,
0,0,
1,0,
0,0,
1,0,
1,1,
1,1,
0,1,
0,0,
0,0,
0,1,
1,1,
0,0,
1,1,
1,1,
0,1,
0,1,
1,1,
0,0,
0,1,
0,1,
0,1,
1,1,
1,0,
1,0,
1,0,
1,1,
1,1,
1,1,
1,1,
0,0,
0,0,
0,1,
0,1,
1,0,
0,0,
0,1,
0,0,
0,0,
0,1,
1,0,
1,0,
0,1,
0,1,
0,1,
0,0,
1,1,
1,1,
1,1,
1,1,
1,0,
0,1,
1,0,
0,1,
1,1,
0,1,
0,1,
1,1,
1,1,
1,1,
0,0,
1,1,
0,1,
1,0,
1,0,
1,1,
1,1,
1,0,
0,1,
0,1,
1,0,
1,1,
1,1,
0,0,
0,1,
1,1,
0,0,
0,0,
0,1,
0,1,
1,0,
1,1,
1,1,
0,1,
1,1,
0,1,
1,1,
0,0,
0,1,
1,0,
0,0,
0,1,
0,1,
0,1,
0,0,
1,0,
1,1,
0,0,
0,1,
1,1,
1,0,
1,1,
0,1,
1,1,
0,1,
1,0,
1,1,
0,0,
1,0,
0,1,
1,1,
0,0,
0,0,
0,1,
1,0,
0.0,1,
0,1,
0,1,
1,1,
1,1,
0,0,
1,1,
0,0,
0,0,
0,0,
1,1,
0,0,
0,0,
0,1,
0,1,
0,0,
0,1,
0.0,1,
1,0,
1,0,
0,0,
0,1,
0,0,
1,0,
1,1,
0,1,
0,0,
1,0,
1,0,
0,0,
0,0,
1,0,
0.00021817532011,0,
1,0,
0.0175678680586,0,
1,0,
1,1,
0,0,
1,0,
1,0,
1,1,
0,1,
1,1,
0,0,
0,0,
0,1,
1,1,
0,1,
0,1,
0,1,
1,1,
1,0,
1,0,
0,1,
0,1,
1,0,
0,0,
8.06452405207e-09,1,
0,1,
0,1,
0,0,
0,1,
1,0,
1,1,
1,0,
0,1,
0,1,
0,1,
0,0,
0,1,
0,1,
0,1,
0,0,
1,1,
0,1,
0,1,
1,0,
1,1,
0,1,
0,1,
1,1,
0,1,
0,1,
1,1,
1,1,
1,1,
1,1,
1,1,
0,0,
0,1,
0,1,
1,1,
0,1,
0,1,
0,1,
0,0,
1,0,
0,0,
1,0,
1,0,
1,1,
1,1,
1,1,
1,0,
0,1,
0,1,
0,1,
0,1,
0,1,
1,1,
0,1,
0,1,
0,0,
0,0,
0,0,
1,0,
0.0,0,
1,1,
1,1,
1,1,
1,1,
1,0,
0,0,
1,1,
0,0,
1,1,
0,0,
1,1,
0,1,
0,1,
0,1,
0,1,
0,0,
0,0,
0,1,
0,0,
0,0,
1,0,
0,1,
0,1,
1,0,
0,0,
0,1,
1,1,
0,0,
0,0,
1,1,
1,0,
1,1,
0,1,
0,1,
0,1,
1,1,
1,0,
0,0,
0,0,
1,1,
0,0,
1,1,
0,0,
0,0,
0,1,
1,1,
1,1,
0,1,
0,1,
1,1,
1,0,
0,0,
1,1,
1,1,
1,0,
1,0,
1,1,
1,1,
0,1,
0,0,
1,1,
1,1,
0,1,
0,0,
1,1,
0,1,
0,1,
1,0,
1,1,
1,1,
0,1,
0,1,
0,0,
1,0,
1,1,
0,1,
0,1,
0,0,
1,1,
0.0041002360132,0,
1,0,
1,0,
1,0,
1,0,
1,0,
1,1,
1,1,
1,0,
1,1,
1,0,
1,0,
0,1,
0,0,
1,0,
0,0,
0,1,
0,0,
0,1,
1,0,
0,1,
1,1,
1,0,
1,1,
1,0,
1,1,
0,0,
0,1,
1,1,
1,0,
0,0,
0,1,
0,1,
0,1,
0,1,
1,0,
1,1,
0,1,
0,0,
0,1,
0,0,
1,1,
1,1,
0,1,
0,0,
0,1,
0,1,
0,0,
0,1,
0,1,
0,1,
0,1,
1,1,
0,1,
1,0,
0,1,
0,1,
0,0,
1,1,
1,0,
0,0,
0,0,
1,0,
0,0,
1,0,
0,0,
0,0,
0,0,
0,1,
0,0,
1,0,
1,0,
1,0,
1,0,
1,0,
1,0,
1,0,
1,0,
0.00010200789076,0,
1,1,
1,0,
0.290664858435,0,
0,1,
0,1,
0,1,
1,0,
1,1,
0,1,
0,1,
0,1,
1,1,
1,1,
1,1,
0,1,
1,1,
0,1,
0,1,
1,0,
1,1,
0,1,
0,1,
0,1,
0,0,
0,0,
0,1,
1,0,
0,1,
0,0,
0,1,
1,1,
1,1,
0,1,
1,1,
1,1,
0,0,
9.01771557982e-05,0,
0,1,
0,1,
0,0,
1,0,
1,0,
0,1,
0,1,
1,0,
0,0,
0,1,
0,0,
1,0,
1,1,
0,1,
0,0,
0,1,
1,1,
0,1,
0,0,
0,0,
1,0,
1,1,
0.0,1,
0,1,
1,1,
0,1,
1,1,
1,0,
1,0,
0,1,
0,0,
1,1,
1,0,
0,0,
0,0,
1,0,
0,0,
1,0,
0,0,
1,0,
0,1,
0,0,
0,0,
0,0,
0,0,
0,0,
0,1,
0,0,
1,0,
1,1,
1,0,
0,0,
1,0,
1,0,
1,1,
1,0,
0,0,
0,0,
1,0,
1,1,
1,0,
1,0,
0,0,
0,0,
1,0,
0,0,
1,0,
1,0,
1,1,
0,0,
1,0,
0,0,
1,0,
1,0,
1,0,
0,0,
1,0,
1,0,
0,0,
1,0,
0,0,
0.00411905761152,0,
0,0,
0,0,
1,0,
1,0,
0,0,
0,0,
1,0,
0,0,
0,0,
1,0,
1,0,
1,0,
1,0,
1,0,
0,0,
1,0,
1,0,
0,0,
0,0,
0,0,
0.603109981729,0,
0,0,
1,0,
1,0,
0,0,
1,0,
0,0,
1,0,
0,0,
0,0,
0,0,
0,1,
1,0,
1,1,
0,0,
0,1,
1,0,
1,0,
1,0,
1,0,
1,0,
1,1,
1,0,
1,0,
0.0904125857523,0,
1,0,
1,0,
1.45444776784e-10,0,
0,1,
0.413447626194,1,
0,0,
0,0,
0,0,
1,0,
1,1,
0,0,
0,0,
0,0,
1,0,
0,0,
1,0,
0,0,
0,0,
1,0,
1,0,
1,0,
1,0,
1,0,
1,0,
1,0,
1,0,
1,0,
1,0,
0,0,
1,0,
1,0,
0,0,
0,0,
1.45185020661e-10,0,
0,0,
0,0,
0,0,
0.0,0,
5.48817938678e-11,0,
1,0,
1,1,
0,0,
1,0,
0,0,
0,0,
1,0,
1,0,
1,0,
1,1,
0,0,
1,0,
0,0,
0,0,
0,0,
0,1,
1,0,
0,0,
1,1,
1,0,
0,0,
0,0,
0,0,
1,0,
0,0,
0,0,
0,0,
0,0,
0.0031576480067,0,
0,0,
0,0,
0,0,
0,0,
0,0,
0.0440232134966,0,
1,0,
1,0,
1,0,
1,0,
1,0,
0.0,0,
1,0,
1,0,
1,0,
1,0,
0.000410679368392,0,
1,1,
1,0,
1,0,
1,0,
0,0,
1,0,
1,0,
0,0,
1,0,
0,0,
0,0,
0.431884344439,0,
1,0,
0,0,
0,0,
0,0,
0.145249358641,0,
0.357279509597,0,
0,0,
1,0,
0,0,
1,0,
1,0,
1,1,
0,1,
0,0,
1,0,
1,0,
1,0,
0,0,
0,0,
1,0,
1,1,
1,1,
1,0,
1,0,
0,0,
0,0,
0,0,
1,0,
1,0,
1,0,
1,0,
1,1,
1,0,
1,0,
1,0,
1,0,
0,0,
0,0,
1,0,
1,0,
0,0,
1,0,
0,0,
1,0,
0,0,
1,0,
1,0,
0.0157643170764,0,
0.193731894794,0,
1,0,
0,0,
0.140178831225,0,
1,0,
1,0,
1,0,
0,0,
0,0,
0,0,
0,0,
0,0,
0.183569310029,0,
0,0,
0,0,
0,0,
0,1,
0,0,
1,0,
1,0,
1,0,
0.139196309209,0,
0,0,
0,0,
0,0,
1,0,
0,0,
1,0,
0,0,
0,0,
1,0,
1,0,
1,0,
1,0,
1,0,
1,0,
1,0,
1,1,
1,0,
0,0,
0,0,
0,0,
0,0,
1,0,
0.867734859595,0,
0,0,
0,0,
0,0,
0,0,
1,0,
0,0,
0.398945131737,0,
1,0,
1,0,
1,0,
1,0,
0,0,
0,0,
0,0,
1,0,
1,0,
1,0,
0,0,
0,0,
0,0,
1,0,
0,0,
0,0,
1,0,
1,0,
1,0,
1,0,
1,0,
0,0,
1,0,
1,0,
0,1,
0,1,
4.10727751586e-10,0,
2.70904874606e-11,0,
1.21142296051e-11,0,
2.5855189278e-11,0,
9.42695573484e-13,0,
0,0,
1,0,
0.738654723496,0,
0,0,
1,0,
0,0,
0,0,
0.531651813264,0,
1,0,
1,0,
0,0,
1,0,
1,0,
0,0,
1,0,
1,0,
0,0,
1,0,
0.0888643537121,0,
0,0,
0.0745822709087,0,
1,0,
0,0,
1,0,
1,0,
1,0,
1,0,
0,0,
0.148569925713,0,
1,1,
0.868058388683,0,
0.00861176896653,0,
0.282369264935,0,
0.387465138465,0,
1,0,
0,0,
0,0,
1,0,
1,0,
1,0,
1,0,
1,0,
1,0,
1,0,
1,0,
0,0,
1,0,
0.188923642303,0,
0.0742219516048,0,
1,1,
1,0,
9.52218092006e-08,0,
1,1,
1,0,
0,0,
1,0,
0,0,
1,0,
0,0,
0,1,
0,1,
1,0,
1,0,
0,1,
0,0,
1,0,
0,1,
1,0,
0,1,
1,1,
0,1,
0,0,
0,0,
1,0,
1,0,
1,0,
1,1,
1,0,
1,0,
1,0,
0,0,
0,0,
0,0,
0,0,
0.5022126872,0,
0,0,
0,0,
1,0,
1,0,
0,0,
0,0,
0,0,
0,0,
0,0,
1,0,
0.0155953918036,0,
0,0,
1,0,
0,0,
0,0,
1,0,
1,0,
0,0,
1,0,
1,0,
1,0,
1,0,
1,0,
0,0,
1,0,
0,0,
0,0,
1,1,
1,0,
1,0,
0,0,
1,0,
0,0,
0,0,
0,0,
0,0,
0,0,
1,0,
0,0,
1,0,
1,0,
1,0,
1,0,
1,0,
1,0,
0,0,
1,0,
1,0,
0,0,
1,0,
0.000139758750861,0,
1,0,
0,0,
1,0,
0.0194717177681,0,
0,0,
0.0317520081478,0,
0.00966565776459,0,
0.0293975676048,0,
1,0,
1,0,
0,0,
1,1,
0,0,
1,0,
0,0,
0,0,
1,0,
0,0,
0,0,
0,0,
0,0,
0.000320927375417,0,
1,0,
1,0,
1,0,
1.94737071517e-06,0,
1,0,
0,0,
1,0,
0,0,
1,0,
0.0698370103667,0,
0.0328629357193,0,
0,0,
0,0,
0,0,
3.95238121671e-05,0,
1,0,
1,0,
1,0,
1,0,
1,0,
1,0,
0,0,
1,0,
1,1,
1,1,
1,0,
0,0,
0,0,
0,0,
1,0,
1,0,
1,0,
1,0,
1,0,
1,0,
1,0,
0,0,
1,0,
0.287373673158,0,
0,0,
0.311694507651,0,
1,0,
0,0,
1,0,
1,0,
0,0,
0.000838221429167,0,
0.00680823859117,0,
1,1,
1,0,
1,0,
1,0,
0,0,
0,0,
0,0,
1,0,
0,0,
1,0,
1,1,
0,0,
1,0,
1,0,
1,0,
1,0,
0,0,
1,0,
0,0,
0,0,
0,1,
1,0,
1,0,
0,0,
0,1,
1,0,
1,0,
1,0,
1,0,
1,0,
1,1,
0,0,
1,0,
1,0,
1,0,
0,0,
0.0571166863932,0,
0,0,
0,0,
1,0,
0,0,
0,0,
1,0,
0,0,
1,0,
1,0,
0,0,
0,0,
0,0,
1,0,
0.203193816174,0,
0,0,
0,0,
0,0,
0.481149809277,0,
1,0,
1,1,
1,0,
0,0,
1,0,
1,1,
0,0,
0.0,0,
0,0,
0,0,
0,0,
0,0,
1,0,
1,0,
1,0,
1,1,
1,0,
1,0,
0.00753504869095,0,
0,0,
0,0,
0.0202313886469,0,
0.0160689541515,0,
0,0,
0,0,
0,0,
1,0,
1,0,
1,0,
1,0,
1,1,
0,0,
1,1,
1,0,
1,0,
0.115970199348,0,
0,0,
0,0,
1,0,
0,0,
0,0,
0,0,
0,0,
0,0,
1,0,
1,0,
0.480703092235,0,
1,0,
0,0,
0,0,
0,0,
0.0001159967738,0,
1,0,
1,0,
0,0,
0,0,
0.079053278321,0,
0,0,
0,0,
0.949519180231,0,
0.0423003539276,0,
0,0,
0,0,
0,0,
1,0,
0.0777375221058,0,
1,0,
1,0,
0,0,
0,0,
0,0,
0,1,
1,0,
1,0,
0,0,
1,0,
1,0,
1,0,
1,0,
0,0,
0,0,
1,0,
1,0,
1,0,
1,0,
1,0,
0,0,
0.0769933180153,0,
1,0,
0,0,
1,0,
0.0669517859701,0,
0,0,
1,0,
0,0,
0.124413342574,0,
0,0,
0,0,
1,0,
0,0,
1,0,
1,0,
1,0,
0,0,
0,1,
0,0,
0,0,
1,0,
1,1,
1,1,
0,0,
1,0,
1,0,
0,1,
0,0,
1,1,
0,0,
1,0,
1,0,
1,0,
1,0,
1,0,
1,0,
1,0,
0.00813591156542,0,
1,0,
0,0,
1,0,
1,0,
0,0,
0,0,
1,0,
1,0,
2.31664979334e-06,0,
0,0,
1,0,
0.00103376954148,0,
0.671366630524,0,
0.840738537568,0,
1,0,
0,0,
1,0,
0,0,
0,0,
0,0,
0,0,
0,0,
0,0,
0,0,
1,0,
1.01381146158e-06,0,
0,0,
0,0,
1,0,
1,0,
1,0,
1,0,
1,0,
1,0,
1,0,
1,0,
3.16297862481e-06,0,
1,0,
0,0,
0,0,
0,0,
0,0,
0,0,
1,0,
0.84047486842,0,
1,0,
0,0,
1,0,
1,0,
1,0,
1,0,
1,0,
0,0,
1,0,
1,0,
0.731923409325,0,
0.0204403474865,0,
0,0,
0,0,
0,0,
0,0,
0.0763587606767,0,
0.302496701689,1,
0.00074095803671,0,
0,0,
0,0,
1,0,
0.0302929398206,0,
0.000505988453671,0,
0.184196506536,0,
1,0,
0,0,
1,0,
0,0,
0.00679323960609,0,
0,0,
0,0,
1,0,
0.0564246270611,0,
0,0,
0,0,
0,0,
0,0,
1,0,
0,0,
0.0,0,
1,0,
0,0,
0.0,0,
1,0,
1,1,
0,0,
0,0,
1,0,
1,0,
1,0,
0,0,
0,0,
0,0,
0,1,
0,1,
0,0,
1,0,
0,0,
1,0,
0,0,
1,1,
1,0,
1,0,
1,0,
0,0,
1,0,
0,0,
0,0,
0,0,
0,0,
0,0,
0,0,
0.0135161383999,0,
0,0,
1,0,
1,0,
1,0,
0,0,
0,0,
1,0,
0,0,
0,0,
1,0,
0,0,
0,0,
0,0,
0.956134397673,0,
1,0,
1,0,
0.522765016036,0,
1,0,
1,0,
1,0,
0,0,
0,0,
0.176357388586,0,
1,0,
1,0,
0,0,
1,0,
1,0,
0,0,
1,0,
1,0,
1,0,
1,0,
1,0,
1,0,
1,0,
1,0,
1,0,
1,1,
0.0,1,
1,0,
1,0,
1,0,
1,0,
0,0,
0,0,
1,0,
1,0,
1,0,
0,0,
1,0,
1,0,
1,0,
1,0,
1,1,
1,1,
0,0,
1,0,
1,0,
0,0,
1,0,
1,0,
0.8194404437,0,
0.00420469856197,0,
0,0,
0,0,
0,0,
0,0,
0,0,
1,1,
1,0,
1,0,
1,0,
1,0,
1,1,
0,0,
0,0,
0,0,
1,0,
0,0,
1,0,
0.00174239142665,0,
0,0,
1,0,
1,0,
1,0,
1,0,
1,0,
1,0,
0.034700621693,0,
1,0,
1,0,
1,0,
1,0,
1,0,
1,0,
1,0,
1,0,
1,0,
1,0,
1,0,
0,0,
1,0,
0.754243185155,0,
1,1,
1,0,
0,0,
0,0,
1,0,
1,0,
1,0,
1,0,
1,0,
0.00155523716284,0,
0,0,
0,0,
1,0,
1,0,
1,0,
1,0,
1,0,
0,0,
1,0,
0,0,
0,0,
0.0705316020165,0,
0,0,
0.0017228949769,0,
0.00049454399086,0,
1,0,
1,0,
1,0,
1,0,
0,1,
0,0,
1,0,
0.000324544257988,0,
0.000428494898254,0,
0,0,
0.00163575055826,0,
0.00379370574383,0,
2.72906032501e-05,0,
0,0,
0,0,
0,0,
0,0,
1,0,
1,0,
1,0,
0,0,
1,0,
1,0,
1,0,
1,0,
1,1,
1,0,
1,0,
1,0,
1,0,
1,0,
1,0,
0,0,
1,0,
1,0,
1,0,
0,0,
0.689843676074,0,
1,0,
1,0,
0.0,0,
0,0,
1,0,
0,0,
1,0,
1,0,
0,0,
0,0,
1,0,
1,0,
1,0,
1,0,
0,0,
0,0,
5.01720781951e-05,0,
0.0129780841672,0,
0.0220517041081,0,
0.0132606711919,0,
1,0,
0,0,
1,0,
0,0,
0,0,
0,0,
0,0,
1,0,
1,0,
1,0,
0,0,
1,0,
0,0,
1,0,
1,0,
1,0,
0,0,
1,0,
1,0,
1,0,
1,0,
1,0,
0.144964832508,0,
1,0,
1,0,
1,0,
1,0,
0,0,
8.6543948118e-13,0,
5.28215268149e-09,0,
0,0,
0,0,
6.0196770539e-13,0,
7.22016464099e-13,0,
0,0,
0,0,
2.15850200965e-12,0,
0,0,
0.000246099953485,0,
2.08340090371e-07,0,
0,0,
0,0,
0.00602619494456,0,
3.04557887654e-06,0,
1,1,
1,1,
1,0,
1,1,
1,0,
0.000299415904779,0,
1,0,
7.89463594367e-05,0,
0,0,
0.824405016922,0,
1,0,
1,0,
1,0,
0,0,
0.0250669190415,0,
0,0,
1,0,
0.373083494478,0,
0,0,
1,0,
0,0,
1,0,
0,0,
1,0,
1,0,
1,0,
1,0,
1,0,
1,0,
1,0,
1,0,
1,1,
1,0,
1,0,
1,1,
0.0,0,
0.0662736617881,0,
1,0,
1,0,
1,0,
1,0,
0,0,
1,0,
0,0,
0.0873672829492,0,
0.554918419756,0,
0.437199288826,0,
0.00102944193184,0,
0,0,
0.00259155801628,0,
1,0,
1,0,
0,0,
1,0,
1,0,
1,0,
0,0,
0,0,
0,0,
1,0,
1,0,
1,0,
1,0,
0,0,
1,0,
0,0,
0,0,
1,0,
0,0,
1,0,
1,0,
0,0,
1,0,
1,0,
1,0,
1,0,
1,0,
1,1,
0.00181161896609,0,
1,0,
1,0,
1,0,
1,0,
1,0,
1,0,
0,0,
1,0,
0,0,
0,0,
1,0,
0,0,
0,0,
0,0,
0,0,
1,0,
1,0,
0,0,
0,0,
0,0,
1,0,
0,0,
0.87798591435,0,
1,0,
1,0,
0,0,
1,0,
0,0,
1,0,
1,0,
1,0,
1,0,
1,0,
1,0,
0.0,0,
0.00421753298219,0,
0.0114150404023,0,
0.00444333825477,0,
0.0133683509804,0,
0,0,
0,0,
6.89802041934e-14,0,
5.0413460555e-05,0,
3.08037868123e-05,0,
0.0222424305709,0,
3.70252774926e-05,0,
0.00070805768516,0,
3.03395356207e-05,0,
0.000129888346646,0,
0.000674757526702,0,
0,0,
0,0,
2.18596038149e-09,0,
0,0,
5.18363650201e-07,0,
0,0,
1.09479487558e-07,0,
0,0,
0,0,
1.39010419712e-07,0,
0,0,
2.85424249376e-05,0,
0,0,
0.00885242575553,0,
0.0129937081158,0,
0.0254108748234,0,
0.0194797465284,0,
0,0,
0.00480583620491,0,
3.6949201989e-07,0,
0.000297246064751,0,
0.00967159316847,0,
1,0,
1,0,
0,0,
0,0,
0,0,
1,0,
1,0,
0,0,
1,0,
0,0,
0,0,
1,0,
1,0,
1,0,
1,0,
1,0,
1,0,
1,0,
1,0,
0,0,
0.357125309191,0,
0,0,
1,0,
1,0,
1,0,
1,0,
0,0,
1,0,
1,0,
1,0,
1,0,
1,0,
0.067284829578,0,
0,0,
0,0,
0.854997423869,1,
0.290948362649,1,
0.00108109094788,0,
1,0,
1,0,
1,0,
0,0,
1,0,
1,0,
0,0,
1,0,
1,0,
1,0,
1,0,
1,0,
1,0,
0.487884761339,0,
1,0,
1,0,
1,0,
1,0,
1,0,
0,0,
1,0,
1,0,
0,0,
0,0,
1,0,
1,0,
1,0,
1,0,
1,0,
1,0,
1,0,
0,0,
1,0,
0,1,
1,0,
1,0,
1,0,
1,1,
1,0,
1,0,
1,0,
1,0,
0,0,
1,0,
0.00949594203986,0,
1,0,
0,0,
1,0,
1,0,
1,0,
1,0,
1,0,
1,0,
1,0,
0,0,
1,0,
1,0,
1,0,
1,0,
0,0,
1,0,
0.0,0,
1,0,
1,0,
1,1,
0,0,
1,0,
1,0,
0,0,
0,0,
0,0,
1,0,
0,0,
1,0,
1,0,
1,0,
0,0,
0,0,
1,0,
1,0,
0.391078993702,0,
1,0,
0,0,
1,0,
0.178643124728,0,
1,0,
1,0,
1,0,
1,0,
0.00882494373085,0,
1,1,
0.831186601239,0,
0.768438622253,0,
1,0,
0.00988870770379,0,
0.752670501473,0,
0.116734258151,0,
1,0,
1,0,
1,0,
0,0,
1,0,
0,0,
1,0,
0.0110597380871,0,
1,0,
0,0,
1,0,
0,0,
1,0,
0,0,
1,0,
0,0,
0,0,
0,0,
0.0,0,
0,0,
0,0,
1,0,
1,0,
0,0,
1,0,
1,0,
1,0,
1,0,
1,0,
1,1,
1,0,
1,0,
1,0,
0,0,
1,1,
1,0,
0,0,
0,0,
0.19532410697,0,
0,0,
1,0,
0,0,
1,0,
0,0,
1,0,
1,0,
1,0,
0,0,
0,0,
0,0,
0.517312475878,0,
0.30241874989,0,
1,0,
1,0,
1,0,
0,0,
0,0,
1,0,
0,0,
0,0,
0,0,
1,0,
0.639032963009,0,
0.00654326301195,0,
0.174497463949,0,
0,0,
1,0,
1,0,
1,0,
1,0,
1,0,
1,0,
1,0,
1,0,
1,0,
0.189911576414,0,
1,0,
0,0,
1,0,
1,0,
0.00426390557937,0,
1,0,
1,0,
1,0,
1,0,
1,0,
1,0,
1,0,
1,0,
1,0,
0,0,
1,0,
1,0,
0.0,0,
1,0,
0.0991395971284,0,
1,0,
1,1,
0.242064682624,1,
1,0,
1,0,
1,0,
1,1,
0,0,
1,0,
1,0,
0.155936314056,0,
1,1,
1,0,
1,0,
1,1,
1,0,
1,0,
1,0,
1,0,
1,0,
0,0,
1,0,
0,0,
1,0,
0,0,
1,0,
1,0,
1,0,
1,0,
1,0,
1,0,
1,0,
1,1,
1,0,
0,0,
1,0,
1,1,
1,0,
0,0,
0,0,
1,0,
1,0,
1,0,
0,0,
1,0,
1,0,
1,0,
1,0,
0.00032713693894,0,
1,0,
1,0,
1,0,
1,0,
0,0,
1,0,
1,0,
0,0,
1,0,
0.000642594723116,0,
0.000642594723116,0,
0.00125471021672,0,
1,0,
0,0,
1,0,
0,0,
0,0,
0.000974133293141,0,
0.000450676315894,0,
0.0130923520996,0,
1,0,
0,0,
0,1,
0,0,
0,0,
1,0,
0,0,
8.61976202461e-11,0,
0,0,
0.217117909849,0,
1,0,
1.08624526538e-06,0,
1,0,
0,0,
0,1,
0.00198881810519,0,
1,0,
1,0,
0,0,
0,0,
0,0,
0.00728555693631,0,
1,0,
1,0,
0,0,
0,0,
0,0,
0.511959354567,0,
0,0,
0,0,
0,0,
0,0,
1,0,
0,0,
0,0,
0,0,
0,0,
1,0,
0,0,
0,0,
1,0,
1,0,
1,1,
1,0,
0,0,
1,0,
1,0,
1,0,
1,0,
0,0,
0.00627892172576,0,
0.885326706245,0,
1,0,
1,1,
1,0,
1,0,
0,0,
0,0,
1,0,
1,1,
0,0,
0,0,
1,0,
4.00266760167e-06,0,
1,0,
1,0,
1,0,
1,0,
1,0,
1,0,
1,0,
1,0,
0,0,
0,0,
0,0,
1,0,
1,0,
1,0,
1,0,
0.0,0,
1,0,
0.108195323526,0,
0,0,
1,0,
0,0,
0,0,
0,0,
0,0,
0,0,
0,0,
0.000178596762661,0,
0,0,
0.00104878000732,0,
0.00860707244571,0,
0,0,
0.0122963774733,0,
0,0,
0,0,
1.48279865658e-05,0,
0.000957426177721,0,
0.0844796059752,0,
1,0,
1,0,
0,0,
1,0,
1,0,
1,0,
1,0,
1,0,
1,0,
0,0,
0,0,
1,0,
1,0,
1,0,
1,0,
1,0,
1,0,
0,0,
1,0,
0.00145898804779,0,
0,0,
1,0,
1,1,
0,0,
0,0,
0.000218487575395,0,
1,0,
1,0,
1,0,
0,0,
1,0,
0,0,
1,0,
1,0,
0,0,
1,0,
1,0,
0,0,
0,0,
0,0,
1,0,
0,0,
0,0,
1,0,
1,0,
0,0,
1,0,
1,1,
1,0,
0,0,
0,0,
1,0,
0,0,
1,0,
1,0,
0.685312295538,0,
1,0,
0,0,
1,0,
1,0,
0,0,
1,0,
0,0,
0.000717662667555,0,
1.1300385446e-07,0,
0.0664456598052,0,
0,0,
1,0,
0.00271463396163,0,
0,0,
0,0,
0.000757240063485,0,
0,0,
0,0,
0,0,
0,0,
0,0,
1,0,
0,0,
0,0,
0,0,
0.0556453027027,0,
0,0,
0.237697301722,0,
0.000336046837117,0,
0.000124299812498,0,
0,0,
1,0,
1,0,
1,0,
1,0,
0,0,
1,0,
1,0,
1,0,
0.324109011614,0,
1,0,
0,0,
1,0,
1,0,
1,0,
1,0,
1,0,
1,0,
1,0,
1,0,
1,0,
1,0,
0.664864177068,1,
1,0,
1,0,
1,0,
1,0,
1,0,
0.0943514753697,0,
0.924620250587,0,
0,0,
0.744155415226,0,
0,0,
1,0,
1,0,
1,0,
0.793165862744,0,
0.0,0,
0,0,
0.947991177969,0,
1,0,
0.000226081490688,0,
0,0,
1,0,
0,0,
1,1,
0,0,
1,1,
0,0,
1,0,
1,0,
0.695057767032,1,
0,0,
0.494653646053,0,
0.78349082542,0,
1,0,
0,0,
1,0,
1,1,
2.05292363413e-11,0,
0,0,
2.16905060963e-12,0,
0,0,
0,0,
6.31708595801e-15,0,
0,0,
0,0,
1,0,
0.0715856999886,0,
0.0691276958398,0,
1,0,
0.485963345382,0,
0,0,
0,0,
0,0,
0.00630676666641,0,
1,0,
1,0,
1,0,
0,0,
1,0,
1,0,
1,0,
1,0,
1,0,
1,0,
1,0,
0,0,
1,0,
1,0,
1,0,
1,0,
1,0,
1,0,
1,0,
1,0,
0,0,
0,0,
1,0,
0,0,
1,0,
1,0,
1,0,
1,0,
1,0,
1,0,
1,0,
1,0,
0,0,
0.00701982498734,0,
0.00926242811967,0,
0,0,
0,0,
0,0,
0,0,
0,0,
0,0,
1,0,
0.0211741241934,0,
1,0,
1,0,
1,0,
1,0,
1,0,
0.0,0,
1,0,
1,0,
0,0,
1,0,
1,0,
0,0,
0,0,
0,0,
0,0,
1,0,
0.78127106609,0,
1,0,
1,1,
1,0,
0,0,
0,0,
0,0,
1,1,
1,1,
1,0,
1,0,
1,0,
0,0,
0,0,
0,0,
0,0,
0.792554933645,0,
0.824222795869,0,
0.00166944271704,0,
0,0,
8.42233946139e-05,0,
0.0141732132134,0,
0.00101802250579,0,
1,0,
1,0,
1,0,
1,0,
1,0,
0,0,
0,0,
1,0,
1,0,
0,0,
0.0461909311869,0,
0.00512992675456,0,
1,0,
0.0358991405443,0,
0.206561239704,0,
0.0907022862453,0,
1,0,
0.0414399986747,0,
0,0,
0.00493243717883,0,
1,0,
1,0,
1,1,
0,0,
9.07229120121e-07,0,
1,0,
1,0,
0,0,
0.823816185478,0,
0,0,
1,0,
1,0,
1,0,
0.251585185462,0,
0,0,
1,0,
1,0,
0.106028290159,0,
0.0,0,
0,0,
0,0,
0.0268112026258,0,
0,0,
0,0,
0,0,
0,0,
1,0,
0,0,
1,0,
1,0,
0.206286262895,0,
0,0,
0,0,
0,0,
0,0,
1,0,
0,0,
1,0,
1,0,
1,0,
1,0,
1,0,
0.78394198872,0,
0,0,
0,0,
0,0,
1,0,
1,0,
0,0,
1,0,
1,0,
0,0,
1,0,
0,0,
1,0,
1,0,
0.000120991706985,0,
0.000286514442834,0,
2.75673793353e-05,0,
0,0,
0.00173284272275,0,
0.00904043128573,0,
0,0,
3.26855894097e-05,0,
0.000860249298151,0,
0.0296562528478,0,
0.000404920634759,0,
1,0,
0,0,
1,0,
0,0,
1,0,
0,0,
0,0,
0,0,
0,0,
0,0,
1,0,
0,0,
1,1,
1,0,
0,0,
1,0,
1,0,
0,0,
0,0,
0,0,
0,0,
0,0,
0,0,
0,0,
8.53516537657e-11,0,
0,0,
0,0,
8.09037969788e-11,0,
0,0,
0,0,
1,0,
0,0,
0.114486575486,0,
0.119647219305,0,
0.0606017905982,0,
1,0,
0.0323539219372,0,
0.146946312026,0,
0,0,
0,0,
0,0,
7.00986285267e-12,0,
9.57469127758e-12,0,
3.69583051802e-12,0,
3.69583051802e-12,0,
2.09935128984e-10,0,
6.35590046406e-13,0,
2.44273872321e-12,0,
0,0,
4.72601276528e-13,0,
1.88830756126e-10,0,
0,0,
2.51442978842e-15,0,
1,0,
0,0,
1,0,
0,0,
1,0,
0.223590357321,0,
1,0,
1,0,
1,0,
1,0,
1,0,
0,0,
1,0,
1,0,
1,0,
1,0,
1,0,
1,1,
1,0,
1,1,
1,0,
1,0,
1,0,
1,0,
0.0100683518365,0,
1,0,
1,0,
1,0,
1,0,
1,0,
1,0,
1,0,
1,0,
1,0,
1,0,
0.0210434996807,0,
1,0,
1,0,
1,0,
1,0,
1,0,
1,0,
1,0,
0,0,
1,0,
0,0,
0.182494510161,0,
1,0,
1,0,
1,0,
1,0,
1,0,
1,0,
1,0,
1,0,
1,0,
0,0,
1,0,
1,0,
0,0,
0.382389500344,0,
0,0,
1,0,
1,0,
1,0,
1,0,
1,0,
0,0,
1,0,
1,0,
0,0,
1,0,
0,0,
0,0,
0,0,
0,0,
1,1,
0,0,
1,0,
1,0,
1,0,
1,0,
1,0,
0.230493929753,0,
0.00415095807109,0,
1,0,
0,0,
0.00380170797975,0,
0.0339464935697,0,
0,0,
0.0850522130564,0,
0.00135648272415,0,
0,0,
0.000710252013134,0,
0,0,
0.000520110844432,0,
0.0853943236526,0,
0.00168951231193,0,
0,0,
0,0,
0,0,
0.00148608229674,0,
0,0,
1,0,
0,0,
0.0915628612724,0,
0.0403792581961,0,
0.0440626052734,0,
0,0,
0.0268192964551,0,
3.11086294518e-05,0,
0,0,
0,0,
1,0,
0,0,
0,0,
1,0,
1,0,
1,0,
0.0620095697935,0,
0,0,
0,0,
0.206153499322,0,
0.478596265434,0,
0.00961258421535,0,
0.00836825319921,0,
0,0,
2.43532228431e-05,0,
0,0,
0.000520670919275,0,
0.0493352012592,0,
0.00285506076238,0,
1,0,
1,0,
0.0178240443509,0,
0.0202565044372,0,
0,0,
0.665638146069,0,
1,0,
1,0,
0.00102259022945,0,
1,0,
1,0,
0,0,
0.137847158071,0,
1,0,
0,0,
1,0,
1,0,
1,0,
1,1,
1,0,
1,1,
0.0,0,
1,0,
1,0,
1,0,
1,0,
1,0,
1,0,
0.0,0,
1,0,
1,0,
0.0129461407723,1,
0,0,
0.00220532974296,1,
0.0960610342326,1,
0.0337677796375,0,
0.00335372191255,0,
0,0,
0.0247536782707,0,
0.0650727227423,0,
0.0270856193222,0,
0,0,
0,0,
0,0,
0,0,
0.0106333642767,0,
0,0,
0,0,
0,0,
0,0,
7.2268429656e-21,0,
0,0,
0,0,
3.41011815917e-14,0,
0,0,
0,0,
0,0,
1,0,
0,0,
0,0,
1,0,
0,0,
0.00393042228618,0,
0,0,
1,0,
1,0,
0,0,
0,0,
0,0,
1,0,
1,0,
1,0,
0,1,
1,0,
0.0,0,
1,1,
1,1,
1,1,
1,0,
1,0,
1,0,
0.252833158661,0,
1,0,
0,0,
0,0,
1,0,
0.0938211175881,0,
0.743804287536,0,
0,0,
0.215254676242,0,
0,0,
1,0,
1,0,
0,0,
1,0,
1,0,
1,0,
0,0,
0.222061487798,0,
0,0,
1,0,
1,0,
1,0,
1,0,
1,0,
0,0,
1,0,
1,0,
1,0,
1,0,
0.574023697229,0,
1,0,
1,0,
0.0193223851951,0,
0.0165878527504,0,
0,0,
0,0,
0.757138472683,0,
0,0,
1,0,
0,0,
0,0,
1,0,
0,0,
0,0,
0,0,
0,0,
1,0,
0,0,
1,0,
1,0,
1,0,
1,0,
1,0,
0.0247691358721,1,
0,0,
0,0,
0,0,
0,0,
0,0,
0,0,
1.94372720253e-12,0,
6.83573166896e-12,0,
1.69975775135e-10,0,
0,0,
1.73923928516e-11,0,
0,0,
1.76914154494e-10,0,
7.99858633281e-13,0,
0,0,
0,0,
0,0,
2.2126756112e-10,0,
0,0,
0,0,
0,0,
1,0,
1,0,
1,0,
1,0,
1,0,
1,0,
1,0,
1,0,
1,0,
0,0,
1,0,
1.23141106817e-05,0,
1,1,
1,1,
0,0,
1,0,
1,1,
1,0,
1,0,
1,0,
1,0,
1,0,
1,0,
1,0,
1,1,
1,0,
1,0,
1,0,
0,0,
1,0,
1,0,
1,0,
1,0,
0,1,
0,1,
0,0,
0,0,
0,0,
0,0,
0,0,
2.63853585249e-14,0,
2.39212221371e-13,0,
1,0,
0,0,
0,0,
0,0,
1,0,
1,0,
0,0,
1,0,
1,0,
1,0,
0,0,
0,0,
0.000248143201064,0,
0.0106283435427,0,
0,0,
0,0,
0,0,
1,0,
0,0,
0.000511679257717,0,
0,0,
0,0,
1,0,
1,0,
0.145579172542,0,
0,0,
1,0,
0.672878858541,0,
1,0,
1,0,
1,0,
0,0,
0.000103215035907,0,
0.00114250804678,0,
0,0,
0.0056039147814,0,
0,0,
0.379197783338,0,
0,0,
0.000733540163924,0,
0.0145566009001,0,
0.949690563232,0,
0.0,0,
0.0727997646809,0,
1,0,
0.110229476563,0,
0,0,
1,0,
0.0735807829058,0,
1,0,
0,0,
4.30888912089e-06,0,
1,0,
1,0,
0,0,
0,0,
1,0,
0,0,
0,0,
1,0,
1,0,
1,0,
0,0,
0,0,
1,0,
1,0,
1,0,
1,0,
1,1,
1,1,
1,0,
1,0,
1,0,
0.393816010694,0,
0,0,
1,0,
0.534165818116,0,
1,0,
0.2796847508,0,
1,0,
1,0,
1,1,
0,0,
1,0,
0.799930435869,0,
0,0,
0,0,
0.575372975658,1,
0,0,
1,0,
1,0,
1,0,
0.468994414028,0,
0.0320680551835,0,
0,0,
0.292750603921,0,
1,0,
0.481756266458,0,
0.162399336467,0,
1,0,
0,0,
0,0,
0.133858486046,0,
0,0,
1,0,
1,0,
0.00255634145353,0,
1,0,
0,0,
0,0,
1,0,
0.000266262502953,0,
6.21441523572e-05,0,
1.14502634239e-09,0,
0,0,
0.01151717733,0,
0,0,
0,0,
0,0,
0,0,
0,0,
0,0,
0.0675469135303,0,
0.00016478260151,0,
0,0,
0.0741201564111,0,
1,0,
1,0,
1,1,
1,0,
1,0,
1,0,
0,0,
0,0,
1,0,
0,0,
1,0,
1,0,
1,0,
1,0,
1,0,
0,0,
1,0,
0.0140756886905,0,
1,0,
1,0,
0,0,
0,0,
1,0,
0,0,
0,0,
0,0,
1,0,
1,0,
0.0840359088504,0,
0.760626691935,0,
0,0,
0.18056414306,0,
1,0,
1,0,
1,0,
1,0,
0.232042072054,0,
0,0,
0,0,
1,0,
1,1,
1,0,
1,0,
1,0,
1,0,
1,1,
1,0,
0,0,
1,0,
0,0,
1,0,
1,0,
1,0,
1,0,
1,0,
0,0,
1,0,
1,0,
0,0,
1,0,
1,0,
1,0,
1,0,
1,0,
1,0,
1,1,
1,0,
1,0,
0,1,
0,0,
0,0,
1,0,
1,0,
1,0,
1,0,
0,0,
1,0,
0,0,
0,0,
0,0,
0.0,0,
1,0,
0,0,
1,0,
1,0,
1,0,
1,0,
1,0,
1,0,
1,0,
1,0,
0,0,
1,0,
1,0,
0,0,
1,0,
1,0,
1,0,
0.0796529389297,0,
0.201211486359,0,
0.000892695064604,0,
1,0,
1,0,
1,0,
1,1,
1,1,
0,0,
0,0,
1,0,
1,1,
1,1,
1,1,
1,0,
1,0,
1,0,
1,0,
1,0,
1,0,
0,0,
1,1,
1,0,
1,0,
1,0,
1,0,
0,0,
1,0,
1,0,
0,0,
1,1,
1,0,
1,1,
1,0,
1,0,
0.000215243303353,0,
1,0,
0,0,
0,0,
1,0,
0,0,
1,0,
1,0,
1,0,
0,0,
1,1,
0,0,
1,0,
1,0,
1,0,
1,0,
1,0,
1,0,
0,0,
0,0,
1,0,
1,0,
1,0,
0.0173311178335,0,
1,0,
1,0,
1,0,
1,1,
1,0,
0.0347312266718,0,
1,0,
1,0,
1,0,
1,0,
1,0,
0,0,
1,0,
0,0,
0,0,
1,0,
1,0,
1,1,
1,0,
1,0,
1,1,
0.00699210740802,1,
1,0,
1,1,
0,1,
1,0,
1,0,
0,0,
0,0,
1,0,
1,0,
0,0,
1,0,
0,0,
1,0,
1,0,
1,0,
1,0,
1,0,
1,0,
1,0,
1,0,
1,1,
0,0,
0,0,
1,0,
1,0,
0,0,
1,1,
1,0,
1,0,
1,0,
1,0,
0,0,
0,0,
0.00367249868032,0,
1,0,
0,0,
1,0,
1,0,
0,0,
1,0,
0.00989482535455,0,
1,0,
1,0,
0.0817812687771,0,
0.00826776739548,0,
0.00834087031784,0,
0.000229210682291,0,
0.016808790623,0,
7.78216953344e-09,0,
0,0,
0.0280214503145,0,
1.50607522002e-05,0,
0,0,
0.0533096066351,0,
1,0,
0,0,
0.0139408084051,0,
1,0,
1,0,
1,0,
1,1,
0,0,
1,0,
0,0,
0,0,
1,0,
0,0,
0.00589269648539,0,
1,0,
1,1,
1,0,
1,1,
0,0,
1,1,
0,0,
0,0,
1,0,
0,0,
0,0,
1,1,
0,0,
0,0,
0,0,
1,0,
0,0,
0,0,
0,0,
1,1,
1,1,
1,0,
1,0,
0,0,
1,0,
1,0,
1,0,
1,1,
0,0,
0,1,
1,1,
0,1,
1,1,
1,1,
1,0,
0,0,
1,0,
1,1,
1,1,
0.000495891146911,0,
0,0,
0,0,
1,1,
1,0,
0,0,
0,0,
0,0,
1,0,
1,1,
0,0,
1,1,
1,0,
0,0,
1,1,
1,0,
0.0,0,
1,0,
0.075234113049,0,
1,0,
0.130093112487,0,
0.414595031169,0,
1,0,
0.0,0,
0,0,
0,0,
1,0,
1,0,
1,0,
0.359654852774,0,
1,0,
0,0,
1,0,
1,0,
1,0,
1,0,
1,0,
1,1,
1,0,
1,0,
0,0,
1,0,
1,1,
1,0,
1,1,
1,0,
1,0,
0,0,
1,0,
0.000227534983874,0,
1,0,
1,0,
1,0,
1,0,
1,0,
0,0,
1,0,
0.430831017936,0,
1,1,
0,0,
0,0,
0,0,
1,0,
0,0,
1,1,
0,0,
0,1,
0,0,
0,0,
0,0,
1,0,
1.30030522169e-05,0,
1,0,
0,0,
0,0,
0,0,
0.00504403833505,1,
1,0,
1,0,
0.0203246555562,0,
1,0,
1,0,
1,0,
0,0,
1,0,
0,0,
1,0,
1,0,
0,1,
0,0,
1,0,
1,0,
0,0,
1,0,
0.0,0,
1,0,
1,0,
1,0,
1,0,
1,0,
1,0,
0.00453871030509,0,
0,0,
1,0,
0.198578527631,0,
0,0,
0.17884982231,0,
0,0,
0,0,
0.00777865119525,0,
0.0342533782282,0,
1,0,
0,0,
6.05466148234e-05,0,
0,0,
0,0,
1,0,
0,0,
0.465124861144,0,
0,0,
0,0,
1,0,
1,0,
1,0,
1,0,
0,0,
1,0,
0,0,
1,0,
1,0,
0.000594610912625,0,
1,0,
0,0,
0.114846842752,0,
0.0352654771124,0,
0,0,
0,0,
0,0,
1,0,
0,0,
1.35027697981e-12,0,
0.18223714137,0,
1,0,
1,1,
1,0,
1,0,
0,0,
0,0,
0.0558013028627,0,
1,0,
0,0,
0,0,
0,0,
1,0,
0.384917090297,0,
0,0,
0,0,
1,0,
1,0,
1,1,
1,0,
1,1,
1,0,
1,1,
1,1,
1,0,
0,0,
2.01813935378e-05,0,
0,0,
0.775018475786,0,
0,0,
0.0270453335459,0,
0.0786900706205,0,
0,0,
1,0,
0.919112572602,0,
0,0,
0,0,
1,0,
0,0,
1,0,
0.0085004325237,0,
0,0,
1,0,
1,0,
0,1,
0,1,
0,0,
0,0,
0,0,
1,1,
0,1,
0,1,
0,0,
1,0,
0,0,
0,0,
1,0,
0,0,
1,0,
0,0,
1,0,
0,0,
0,0,
0,0,
1,0,
1,0,
0,0,
1,0,
1,0,
0,0,
0.467640359409,0,
1,0,
1,0,
0,0,
0,0,
0.682813249395,0,
0,0,
1,0,
1,0,
0,0,
0,0,
1,0,
0,0,
1,0,
1,0,
0,0,
1,0,
1,0,
1,0,
1,0,
0.235196366911,0,
0,0,
0.587700691374,0,
0,0,
0.660453462516,0,
0,0,
0.00390076986328,0,
1,0,
0,1,
1,0,
1,0,
0.360127789881,0,
0,0,
0.106978496505,0,
1,0,
0,0,
1,0,
1,0,
1,0,
1,0,
0,0,
1,0,
0,0,
1,0,
0,0,
0.271118483519,0,
1,0,
1,0,
0,1,
0,0,
1,0,
8.42249672534e-11,0,
3.39618442812e-11,0,
0,0,
1.47007734606e-09,0,
0,0,
0,0,
0,0,
8.0545050446e-11,0,
0,0,
5.99356474931e-12,0,
1,0,
1,0,
1,0,
1,0,
1,0,
1,0,
1,0,
1,0,
1,0,
0,0,
0,0,
0,0,
0,0,
0,0,
0,0,
1,0,
1,1,
1,0,
0,0,
1,0,
0.399539702157,0,
1,0,
0,0,
0,0,
1,0,
1,0,
1,0,
1,0,
1,0,
1,1,
0,0,
1,0,
0,0,
0.362684726655,0,
0,0,
0,0,
1,0,
0,0,
0,0,
0.0797479438628,0,
0.00451529427221,0,
0,0,
1,0,
1,0,
0,0,
0.000887729497447,0,
0,0,
1,0,
0,0,
1,0,
0,0,
0,0,
0.09715159082,0,
0.0448082374436,0,
0.814701919967,0,
1,0,
0.0103945246098,1,
0.0464567368504,0,
1,0,
0.00226622003735,0,
0,0,
3.07988822046e-05,0,
0.326445382466,0,
0.0,0,
0.000977870151734,0,
1,0,
1,0,
0,0,
1,0,
0,0,
1,0,
1,0,
1,0,
1,0,
0.0161197243637,0,
1,0,
1,0,
0.787023649141,0,
0,0,
1,0,
1,0,
1,0,
1,0,
0,0,
0,1,
0,0,
1,0,
0,0,
1,0,
1,0,
0,0,
1,0,
0,0,
0,0,
0.0067011803545,0,
0,0,
1,0,
1,0,
0,0,
0,1,
1,0,
0,0,
1,0,
0.0398313341752,0,
0.350367962223,0,
0,0,
1,0,
0,0,
0,0,
0,0,
0.161682771918,0,
0,0,
0.00964596383826,0,
0,0,
0.88633302981,0,
0.0145143521454,0,
0.00265915731341,0,
0,0,
1,0,
1,0,
1.49017414439e-11,0,
0.735696123151,0,
1,0,
1,0,
0,0,
0,0,
1,0,
0,0,
1,0,
0.0,0,
1,0,
1,0,
1,0,
1,0,
1,1,
1,0,
1,0,
1,0,
1,1,
1,0,
1,0,
0.194381296217,0,
0.660349676448,0,
0.298033998321,0,
1,0,
1,0,
1,0,
1,0,
0,0,
1,1,
1,0,
1,0,
0,0,
0,0,
1,1,
0,0,
0,0,
0,0,
1,0,
0,0,
0,0,
0,0,
0,0,
0,0,
1,0,
1,0,
1,0,
0,0,
0,0,
1,0,
1,0,
0,0,
1,0,
1,0,
1,0,
1,0,
1,0,
1,0,
1,0,
0,0,
0,0,
0,0,
1,0,
1,0,
0,0,
1,0,
0,0,
1,0,
0,0,
9.46024973108e-15,0,
1.01843775597e-13,0,
8.64686351789e-10,0,
2.69417421637e-10,0,
0,0,
0,0,
0,0,
5.87583827412e-12,0,
3.59906127986e-11,0,
0,0,
0,0,
0,0,
1,0,
1,0,
0,0,
1,0,
1,0,
1,0,
1,0,
1,0,
1,0,
1,0,
1,0,
1,0,
0,0,
1,0,
0,1,
1,0,
0,0,
0,0,
0,0,
1,0,
0.0319461809011,0,
0.0447175974864,0,
0,1,
0,0,
1,0,
1,0,
1,0,
0.00397379371864,0,
1,0,
0.0599651848944,1,
0.0147669936946,1,
0.0397207662636,0,
0.0,0,
1,0,
1,0,
0.13696954288,0,
1,0,
1,0,
0.0,0,
1,0,
1,0,
0,0,
1,0,
1,0,
3.14863722686e-05,0,
0,0,
0,0,
1,0,
0,0,
1,0,
0,0,
0,0,
0,0,
0,0,
1,0,
0,0,
1,0,
0,0,
1,0,
1,0,
0,0,
0,0,
0,0,
0,0,
0,0,
1,0,
0,0,
1,0,
0,0,
1,0,
1,1,
0.139761997164,1,
0,1,
0.226037509685,0,
0,0,
0,0,
0.00061135909567,1,
0,1,
0.000281367255986,0,
0,0,
0.0017602105182,0,
0.0718489658564,0,
0.148924979385,0,
0.0404138935729,0,
0.224098601032,0,
0,0,
1,0,
0,0,
0,0,
0,0,
0.345756511367,0,
1,0,
0,0,
0.00653337725567,0,
0.344346082474,0,
0.14876993817,0,
0.615500567572,0,
0,0,
0.163657107088,0,
0.820654890215,0,
0,0,
0.0300926395703,0,
0.0231533572549,0,
0.406958104495,0,
0,0,
0.00260678167995,0,
0,0,
0,0,
1,0,
1,0,
1,0,
1,0,
1,0,
1,0,
0,0,
0,0,
0,0,
0,0,
1,0,
0,0,
3.12263522861e-05,0,
2.14536826416e-06,0,
0.00452478878838,0,
0.00144179901608,0,
0,0,
0.0068733603097,0,
0.00599686211632,0,
0.00280245061731,0,
0.00222157081095,0,
0.000595576822604,0,
2.10584487331e-10,0,
1,0,
0,0,
0,0,
1,0,
0,0,
1,0,
1,0,
0.315635395888,0,
1,0,
0,0,
0.880118725656,0,
0,0,
1,0,
0,0,
0,0,
0,0,
0.463020076709,0,
0,0,
1,0,
0.389259980738,0,
0.0072444500994,0,
1,0,
0,0,
1,0,
1,0,
0.0851081338735,0,
1,0,
0,0,
0.170734279655,0,
1,1,
1,0,
0.00541733722522,0,
1,0,
0,0,
0,0,
0.015603204643,0,
1,0,
1,0,
1,0,
0.47614156134,0,
0,0,
1,0,
1,0,
0,0,
1,0,
1,0,
0,0,
0,0,
1,0,
0,0,
0,0,
0,0,
1,1,
0,0,
1,0,
0,0,
1,0,
1,0,
1,0,
0,0,
0,0,
1,0,
0,1,
1,0,
0,0,
0,0,
0,0,
1,0,
0,0,
1,0,
0.426443870966,1,
0,0,
1,0,
1,0,
0,0,
0.106573672143,0,
0.0708160736067,0,
0,0,
0.00568909170342,0,
0.00192557519179,0,
0.440518683356,0,
1,0,
0.00284220686361,0,
1,0,
0,0,
1,0,
0,0,
1,0,
0,0,
0,0,
0,0,
0,0,
0,0,
1,0,
1,0,
1,0,
0,0,
0,0,
1,0,
0,0,
1,0,
1,0,
1,0,
0,0,
0,0,
1,0,
1,0,
0.00468244738667,0,
1,0,
0,0,
1,0,
1,0,
1,1,
1,0,
1,0,
0,0,
1,0,
4.42192619071e-05,0,
0.754540938162,0,
1,0,
0.900109721021,1,
1,0,
0.0121213632269,0,
0.507218153893,0,
1,0,
0,0,
1,0,
0.00391865654054,0,
0.00714289283192,0,
0.589795417169,0,
0,0,
1,0,
0,0,
0,0,
0,0,
1,0,
0,0,
0.387021918423,0,
0,0,
0,0,
0,0,
1,0,
1,0,
0,0,
0.671176981346,0,
0.828642476548,0,
1,0,
0,0,
1,0,
1,0,
1,0,
1,0,
1,0,
1,0,
1,0,
0,0,
0,0,
1,0,
0,0,
0,0,
1,0,
0.0254314226907,0,
0,0,
1,0,
1,0,
0.0160918586071,0,
0.0160918586071,0,
0,0,
0.0,0,
0,0,
0,0,
1,0,
1,0,
0,0,
0,0,
0,0,
1,0,
1,0,
1,0,
1,0,
1,0,
1,0,
1,0,
0.338196518611,0,
1,0,
1,0,
1,1,
1,0,
1,1,
1,0,
1,0,
0,0,
1,0,
0.0,0,
0.000718360723378,0,
0,0,
0,0,
0.000206737643906,0,
0,0,
0.0844662917842,0,
0.000835094348065,0,
0.00137157903819,0,
0.000256945551644,0,
0.0271328377813,0,
0.00289915276184,0,
0,0,
0,0,
0,0,
0.00514048797716,0,
0.0487523328137,0,
0,0,
0,0,
0.0875451312319,0,
0.0137370014365,0,
0.118603272648,0,
0.00858858540583,0,
0,0,
0.000259999935864,0,
0,0,
1,0,
0,0,
1,0,
0,0,
0,0,
1,0,
1,0,
0.141518751798,0,
0,0,
1,0,
0,0,
0,0,
1,0,
1,0,
0,0,
1,0,
1,0,
0,0,
0,0,
1,0,
0.0,0,
1,1,
0,0,
1,0,
1,0,
1,0,
1,0,
0,0,
1,0,
0.187395813805,0,
1,0,
1,0,
0,0,
1,0,
1,0,
0,0,
0,0,
0.00214219107736,0,
0,0,
0.00304343127122,0,
0.00177410831271,0,
0,0,
0,0,
0,0,
1,0,
0.132208147911,0,
0.0047021114232,0,
1,0,
1,0,
0.0373539045511,0,
1,0,
1,0,
0,0,
1,0,
1,0,
1,0,
1,0,
1,0,
1,0,
1,0,
0.876866511056,0,
1,0,
0,0,
0,0,
0,0,
0,0,
0,0,
0,0,
1,0,
1,0,
0.343482252978,0,
1,0,
1,0,
0,0,
1,0,
1,0,
1,0,
0.0840556704839,0,
0,0,
1,0,
0,0,
0.286806328538,0,
1,0,
0.0118438648552,0,
1,0,
1,0,
1,0,
1,1,
0,0,
1,0,
1,1,
1,1,
1,0,
1,0,
1,0,
0,0,
0,0,
1,0,
1,0,
1,0,
1,0,
0,0,
0,0,
1,0,
0,0,
1,0,
1,0,
1,0,
1,0,
1,0,
1,0,
1,0,
4.28693775015e-09,0,
0,0,
0,0,
0,0,
1,0,
1,0,
1,0,
1,0,
0,0,
1,0,
1,0,
1,1,
1,0,
0,0,
0,0,
5.81628838988e-10,0,
5.115155198e-11,0,
1.9303582585e-09,0,
0,0,
0.107452082442,0,
0,0,
7.24121847247e-05,0,
0,0,
0.0054779494998,0,
0.00332395659379,0,
4.15122880882e-06,0,
0.329721321131,0,
0.000295713969471,0,
0.00236221842502,0,
0.0189231300375,0,
6.91913776378e-05,0,
1,0,
0.0845338885816,0,
0,0,
0.0456190633918,0,
0.000532484371456,0,
0,0,
0,0,
0.637913728505,0,
0.435962257822,0,
1,0,
1,0,
0,0,
2.02925205374e-08,0,
0,0,
1,1,
1,0,
1,0,
0,0,
0,0,
0,0,
1,0,
1,0,
0.907741166993,0,
1,0,
0,0,
0,0,
1,0,
1,0,
0,0,
0.0282124355679,0,
1,0,
9.40330001388e-11,0,
0,0,
0.0471558330544,0,
0,0,
1,0,
0,0,
1,1,
0,0,
0,0,
0,0,
1,0,
1,0,
1,0,
0,0,
0,0,
0,0,
0.0394373870489,0,
1,0,
1,0,
1,0,
1,0,
1,0,
0,0,
1,1,
1,1,
1,0,
0,0,
1,0,
0.0198077527879,0,
1,0,
1,0,
1,1,
1,0,
0,0,
1,0,
1,0,
1,0,
1,0,
0,0,
1,0,
0.00584194281926,0,
1,0,
0,0,
0,0,
5.94865263346e-10,0,
0,0,
1,0,
0,0,
1,0,
1,0,
1,1,
0,0,
0,0,
0,0,
1,0,
0,0,
1,0,
0,0,
1,0,
0,0,
1,0,
0,0,
1,0,
0.00692179459262,0,
1.8232867776e-08,0,
4.44314258448e-10,1,
1.75106613237e-08,0,
6.72601077307e-10,1,
1.03626461823e-11,0,
2.8400710871e-08,0,
8.55664784977e-12,0,
0,0,
7.23419286183e-09,0,
0,0,
0,0,
0.00294927988913,0,
0.00317027288866,0,
0.015673678052,0,
0.924291396479,0,
0.00198326990272,0,
0.0,0,
1,1,
1,0,
0,0,
1,0,
2.23177621539e-05,0,
0,0,
0,0,
0,0,
0,0,
1,1,
0.0367029173391,0,
1,0,
0.0374977586529,0,
0,0,
0,0,
0,0,
0,0,
0,0,
0.0,1,
0.0,0,
0.0,0,
0.0,0,
0.0,0,
0.0,0,
0.0,0,
0.0,0,
0.0,0,
0,0,
0,0,
0,0,
0.208925496243,0,
0,0,
0,0,
1,0,
0,0,
0,0,
0,0,
0,0,
1,0,
1,0,
1,0,
1,0,
0.816252918032,0,
1,0,
0.0,0,
0,0,
0.0568069399643,0,
0,0,
1,0,
0,0,
0,0,
0,0,
1,0,
0.0696583883986,0,
0,0,
0.867586539785,0,
0.00188007686132,0,
0.276173228933,0,
1,0,
0.0452870284739,0,
1,0,
0.600834059332,0,
0.0,0,
0.00440823494554,0,
0,0,
0,0,
0,0,
0,0,
0,0,
0,0,
0,0,
0,0,
0.0037633262916,1,
0.422579223708,0,
1,0,
0.341009621498,0,
0.769485014958,0,
1,0,
0.0242544004426,0,
1,0,
0.00516981590904,0,
1,0,
1,0,
1,0,
1,0,
0.00926890148329,0,
1,0,
1,0,
1,0,
1,0,
1,0,
1,0,
0,0,
0.00346701946057,0,
1,0,
1,0,
0.105216953925,0,
0,0,
1,0,
1,0,
0.0318267830728,0,
0,0,
1,0,
0,0,
0,0,
1,0,
1,0,
0.00113436428195,0,
0.00125696953533,0,
0.0898961311599,0,
0.0748480851109,0,
1,0,
0.00196892849362,0,
0.0296484321035,0,
1,0,
1,0,
1,0,
0.00261697649537,0,
0,0,
1,0,
1,0,
0.727986297157,0,
1,0,
0.203402670104,0,
0,0,
0,0,
1,0,
1,0,
0.0591202017866,0,
0,0,
1,0,
1,0,
0,1,
1,0,
1,0,
1,0,
1,0,
1,0,
1,0,
1,0,
0,0,
1,1,
0,0,
1,0,
0,0,
0.0114056331016,0,
0,0,
1,0,
1,0,
1,0,
1,0,
0,0,
0,0,
5.66297975776e-11,0,
0,0,
0,0,
1,0,
1,0,
0,0,
0,0,
1,0,
1,0,
1,0,
0,0,
1,0,
1,0,
1,0,
1,0,
0,0,
0,0,
0,0,
1,0,
1,0,
1,1,
1,1,
0,0,
0,0,
0.00734728822305,0,
1,0,
1,0,
0,0,
1,1,
1,0,
1,1,
0,0,
1,0,
0.734047598651,0,
1,0,
1,0,
0,0,
1,0,
1,0,
1,0,
0,0,
1,0,
1,0,
1,0,
1,0,
1,0,
1,0,
0,0,
0.670286461813,0,
0,0,
1,0,
1,0,
1,0,
1,0,
1,0,
1.27547960566e-05,0,
0.105439625007,0,
1,0,
0,0,
1,0,
1,0,
0,0,
0.417114002245,0,
0.98011642837,0,
1,0,
0,0,
1,0,
0,0,
0,0,
1,0,
1,0,
0.0,0,
0.171005172388,1,
1,0,
0,0,
1,0,
1,0,
0.513365578989,1,
1,0,
1,0,
0.717389602888,0,
1,0,
0.0481654812675,0,
0,0,
0.394661724288,0,
1,0,
0,0,
0.816245487324,0,
0,0,
0.0353937973774,0,
1,0,
0,0,
0.11537380877,0,
0.0296157143942,0,
0,0,
0.00156802060718,0,
0.0801204937577,0,
0.120342207593,0,
0.584968473561,0,
0,0,
0.0214043965768,0,
0,0,
0,0,
1,0,
0,0,
1,0,
1,1,
1,0,
1,0,
1,0,
1,0,
0,0,
1,0,
1,0,
1,0,
1,0,
1,0,
0,0,
1,0,
1,0,
1,0,
1,0,
1,0,
0,0,
0,0,
1,0,
0.00230956393232,0,
1,0,
0,0,
1,0,
1,0,
0,0,
0,0,
0.280012769366,0,
1,0,
0,0,
1,0,
0,0,
0,0,
1,0,
1,0,
0,0,
0,0,
1,0,
0,0,
1,0,
1,1,
1,0,
1,0,
1,1,
1,0,
0,0,
1,0,
0.00721146379914,1,
0.660614069579,0,
0.013786404577,1,
0,0,
0.0112303788305,0,
0.0376127378371,0,
1,0,
0.0819729644795,0,
0.0819729644795,0,
1,0,
0,0,
0,0,
0,0,
1,0,
0,0,
1,0,
0.0292950698653,0,
1,0,
0,0,
0,0,
0.000610403788228,0,
0,0,
1,0,
0,0,
1,0,
0,0,
0,0,
1,0,
0,0,
1,0,
1,0,
0.00265825510506,0,
0,0,
1,0,
0.116700480414,0,
1,0,
1,0,
0,0,
0,0,
0,0,
0.749124240157,0,
0,0,
0.00763335377848,0,
0,0,
0,0,
3.56367700181e-11,0,
0,1,
1,0,
1,0,
0,0,
0,0,
1,0,
0,0,
0,0,
1,0,
1,0,
1,0,
0,0,
0.380837873847,0,
0,0,
1,0,
1,0,
0.125210078865,0,
0,0,
0.0280319273916,0,
1,0,
0.00527472793709,0,
0.00142233504365,0,
0.0,0,
0.0339865520157,0,
0.00374321709307,0,
0.00603024351808,0,
0.00449922427927,0,
0,0,
0.394325130752,0,
0.00864530976811,0,
0.0118921855715,0,
0.180853200909,0,
0.0122963481776,0,
0.025992141272,0,
0,0,
0.0262209051147,0,
0.0374632442518,0,
0.0437802101775,0,
0.0317750582424,0,
0.0569885768003,0,
1,0,
1,0,
0,0,
1,0,
0,0,
1,0,
1,0,
1,0,
1,0,
0,0,
0,0,
1,0,
0,0,
0.275072837492,0,
0.0116297417618,0,
1,0,
0.13692764864,0,
0.0195177643075,0,
0,0,
0.31978286968,0,
1,0,
0.232972754538,0,
1,0,
0.0121553432777,0,
0,0,
0.0104763597489,0,
1,0,
1,0,
0.0188024858702,0,
0.914088703174,0,
0,0,
2.09392137036e-06,0,
1,0,
0.00458013412757,0,
0.00203582080795,0,
0,0,
0,0,
0.115667143269,0,
0.973077572594,0,
0.973077572594,0,
0.774983214164,0,
1,0,
0.0102727465058,0,
0,0,
0,0,
0.000909283062331,0,
1,0,
1,0,
1,0,
1,0,
1,0,
1,0,
1,0,
1,0,
5.10621780265e-11,0,
0,0,
7.99780335304e-12,0,
1.76021896901e-10,0,
0,0,
0,0,
6.13147947534e-10,0,
0.0144025834507,0,
0,0,
2.15454824142e-08,0,
0,0,
0,0,
0.0,0,
0.243684099051,0,
0,0,
0.301840060408,0,
1,0,
0.0190822290017,0,
1,0,
0,0,
0.00665165351304,0,
0,0,
1,0,
1,0,
0.48257342187,0,
0,0,
1,0,
0,0,
0,0,
0,0,
0,1,
0,0,
0,1,
0,0,
0,0,
0,0,
0,0,
5.51816527413e-17,0,
0,0,
3.68912377541e-10,0,
0,0,
0,0,
0,0,
0,0,
4.75691251756e-10,0,
5.67338465133e-14,0,
0,0,
1,0,
1,0,
1,0,
0,0,
0,0,
1,0,
1,0,
0,0,
0,0,
0,0,
1,0,
1,0,
0,0,
1,0,
1,0,
1,0,
1,0,
0.291901315825,0,
0,0,
0,0,
1,0,
0,0,
1,0,
0.0436785456472,0,
0,0,
0,0,
0.0915542334891,0,
0.663869198811,0,
0,0,
0,0,
1,0,
0,0,
1,0,
0.00128058299718,1,
0.00139652152056,0,
0,0,
0.00109440727926,0,
0.510694816041,0,
3.03779040535e-10,0,
0,0,
0.00841387183406,0,
0,0,
0,0,
0,0,
1,0,
1,0,
0,0,
1,0,
0.429725644115,0,
0,0,
0.000230079634804,0,
1,0,
1,0,
0,0,
1,1,
1,1,
0,0,
0,0,
0.0,0,
1,0,
0.0082765974088,0,
1,0,
0,0,
1,0,
0,0,
0.337420177617,0,
1,0,
1,0,
0,0,
0,0,
1,0,
1,0,
0,0,
1,0,
1,0,
1,0,
1,0,
1,0,
0.0475890190658,0,
1,0,
0,0,
0,0,
0,0,
1,0,
1,0,
1,0,
0,0,
0,0,
1,1,
1,0,
0,1,
1,0,
0,0,
1,0,
0.267537377642,0,
0.00109381880084,0,
0,0,
0,0,
0,0,
1,0,
1,0,
0.0377684942206,0,
0,0,
1,0,
1,0,
0,1,
1,0,
1,0,
0,0,
1,0,
1,0,
1,0,
1,0,
1,0,
1,0,
1,0,
1,0,
0.452932082275,0,
1,0,
0.967713260788,0,
0.789158897479,0,
1,0,
0,0,
0,0,
0.120385767803,0,
1,0,
0.00054672393832,0,
0.000133590879281,0,
0.0191813905711,0,
0,0,
0,0,
0,0,
0,0,
1,0,
0,0,
1,0,
1,0,
1,0,
0,0,
0,0,
1,0,
1,0,
0,0,
0.000200458152737,0,
0,0,
0,0,
0,0,
0,0,
0,0,
1,0,
1,0,
0,0,
1,0,
1,0,
0,0,
1,0,
1,0,
1,0,
0,0,
0,0,
0,0,
0.0252687330098,0,
0.755743893279,0,
0,0,
1,0,
0.0108112355985,0,
1,1,
1,0,
0,0,
0,0,
0,0,
0,0,
1,0,
0.192785129942,0,
0,0,
0,0,
1,0,
0,0,
0,0,
1,0,
0.0265202980871,0,
0,0,
1,0,
1,0,
0,0,
0.0,0,
1,0,
1,0,
0.038214667333,0,
0.0531477453505,1,
0,0,
1,0,
0.0183187927077,0,
1,0,
0.218292638474,0,
0,0,
0.033784005712,0,
0.0609973747978,0,
0,0,
0,0,
1,0,
0,0,
0,0,
0,0,
0,0,
0.686473441,0,
0,0,
1,0,
0,0,
0,0,
0,0,
1,0,
1,0,
1,0,
0.00502344201454,0,
0,0,
1,0,
0.0,0,
1,1,
0.0532544077547,1,
0.138336391268,0,
0,0,
0.181118488342,0,
0,0,
0,0,
0.150287300476,0,
1,0,
1,0,
0.318668354401,0,
0,0,
0,0,
0.0986493530124,0,
0.420039739084,0,
0.502963090829,0,
0.43456577485,0,
0.423718403842,0,
0,0,
0,0,
0,0,
0.0346845982702,0,
0.305134031901,0,
1,0,
0.80372968002,0,
0,1,
0,0,
1,0,
0,0,
0,0,
1,0,
1,0,
1,0,
1,0,
0,0,
0,0,
0,0,
0,0,
1,0,
0,0,
0,0,
0,0,
0.185302534088,0,
1,0,
0,0,
1,0,
0,0,
0,0,
1,0,
0,0,
0,0,
0,0,
1,0,
0.198855317128,0,
0.798206255423,0,
0.055533772937,0,
0.0707107141218,0,
1,0,
0,0,
0.00285057465165,0,
0.898111392407,0,
5.32885404293e-06,0,
0.00814860322973,0,
6.70325100615e-05,0,
0.205701992223,0,
0.000722003890747,0,
8.38533781473e-05,0,
8.83099686054e-05,0,
0,0,
0,0,
1,0,
0,0,
1,0,
1,1,
1,0,
0.78676081871,0,
0,0,
0.0,0,
0,0,
1,1,
0.31836399182,0,
1,0,
1,0,
1,1,
0,0,
1,0,
0,0,
0,1,
0,0,
0,0,
0,0,
1,0,
1.53507419917e-05,0,
1,0,
0,0,
1,0,
0,0,
7.89547901465e-14,0,
8.57818993585e-11,0,
0,0,
0,0,
0,0,
7.79603151365e-11,0,
0,0,
0,0,
0,0,
0,0,
0,0,
0,0,
0,0,
0,0,
0,0,
1,0,
1,0,
0,0,
0.0240338798434,0,
0.010391018143,0,
1,0,
1,0,
5.46258501865e-08,0,
0,0,
0,0,
1,0,
1,0,
0,0,
0,0,
1,0,
1,0,
1,0,
0,0,
1,0,
0,0,
0.01652654895,0,
1,0,
0,0,
1,0,
0,0,
1,0,
0,0,
1,0,
0,0,
0.0444465909216,0,
0.364803557581,0,
1,0,
0.0742064473821,0,
1,0,
0.909366152992,0,
0.145111710606,0,
1,0,
1,0,
1,0,
0,0,
0,0,
0,0,
1,0,
0.00689816673001,0,
0,0,
1,0,
0,0,
0.126261214964,0,
0,0,
0,0,
2.21554961715e-05,0,
1,0,
0,0,
0,0,
1,0,
0,0,
1,0,
0.115818523851,0,
0,0,
0,0,
0.0696182866076,0,
1,0,
0,0,
0.00383682462395,1,
1,0,
0,0,
7.36775544089e-08,0,
0,0,
1,0,
1,0,
1,0,
0,0,
0,0,
1,0,
1,0,
1,0,
0,0,
1,1,
1,0,
1,0,
1,0,
0,0,
0,0,
1,0,
1,0,
1,0,
1,0,
1,0,
0,0,
0,0,
1,0,
0,0,
0,0,
1,0,
1,0,
0,0,
1,0,
1,0,
0,0,
0,0,
1.5494425727e-10,0,
0,0,
0,0,
5.96105802171e-10,0,
0.0,0,
0,0,
1,0,
1,0,
0,0,
1,0,
1,0,
1,0,
0,0,
1,1,
1,0,
1,0,
0.000819327800344,0,
0.00203304158684,0,
0.0472392428079,0,
4.68327342958e-05,0,
0,0,
3.72629905329e-05,0,
0.124337175616,0,
0.0103262664776,0,
0.000316226188658,0,
0,0,
0,0,
0.0106215516012,0,
7.40424084159e-06,0,
0.00149609196844,0,
7.09757356564e-06,0,
0,0,
1,0,
0,0,
0,0,
0,0,
1,0,
1,0,
0,0,
1,0,
3.49639082298e-11,0,
0,0,
1,0,
0,0,
0.075362569149,0,
0.0563887081743,0,
0.00175227581432,0,
0.00330529150172,0,
1.72872412944e-05,0,
0.0114927067392,0,
0.00492034441127,0,
0.00116644441071,0,
0.611089194743,0,
0.611089194743,0,
0,0,
2.58446411282e-06,0,
0.528632021495,0,
4.43375441177e-06,0,
0,0,
0.00140855707692,0,
0,0,
0.000195012927991,1,
0,0,
0.12613848031,0,
0.204224043435,0,
0,0,
0.0311450813796,0,
0.00045118416981,0,
0.096529269024,0,
0.00148603755866,0,
0,0,
0.000278127831996,0,
0.121220180483,0,
1,0,
0.00112216036986,0,
1,0,
0.204164778324,0,
0.102914652374,0,
0.103003745728,0,
1,0,
1,0,
0,0,
0,0,
1,0,
1,0,
1,0,
0.000528920333657,0,
0,0,
0.867452420757,0,
0,0,
0,0,
0,0,
0.000218874793612,0,
0.00101130217634,0,
1,0,
0,0,
1,0,
1,0,
1,1,
0,0,
1,1,
0,0,
0.00714439125957,0,
0,0,
0,0,
1,0,
0,0,
0,0,
1,0,
0,0,
0,0,
1,0,
1,0,
0.13779334559,0,
1,0,
1,1,
0,0,
0.895791625081,0,
0,0,
0,0,
0,0,
0,0,
1,0,
0,0,
1,0,
1,0,
0,0,
1,0,
1,1,
1,0,
1,0,
1,0,
1,1,
1,0,
0.0249554122236,0,
1,0,
0,0,
0,0,
0,0,
0.545172018287,0,
0,0,
0.0601756690899,0,
0,0,
0,0,
1,0,
1,0,
0,0,
0,0,
1,0,
0,0,
0,0,
0.0422031467702,0,
0,0,
0.0073908683232,0,
1,0,
0,0,
1.88688252536e-05,0,
0.518559798877,0,
0.000188652194228,0,
0,0,
1,0,
0.0143136701222,0,
1,0,
1,0,
1,0,
0,0,
0,0,
1,0,
1,0,
1,0,
1,0,
1,0,
0,0,
0,0,
0,0,
0,0,
0,0,
0,0,
1,0,
0,0,
0,0,
1,0,
1,0,
0.870781167235,0,
1,0,
0.018290506578,0,
1,0,
1,0,
0.00363009556343,0,
1,0,
1,1,
1,0,
0,0,
1,0,
0,0,
0,0,
0,0,
0,0,
0.0159678882834,0,
1,0,
1,0,
0.0038726991542,0,
1,0,
0,0,
0.753911537783,0,
0.0109388813545,0,
0,0,
0,0,
0,0,
1,0,
0,0,
0.0141066915845,0,
1,0,
0,0,
1,0,
0,0,
0,0,
1,0,
0,0,
0.0212069598898,0,
0.15705151739,0,
0.223116935828,0,
0,0,
0,0,
0.000258846211793,0,
0,0,
0,0,
0.207239205551,0,
0.00677167181858,0,
1,0,
1,0,
1,0,
0,0,
5.69194023052e-12,0,
0,0,
1.66501212203e-10,0,
0,0,
5.11365495165e-11,0,
4.00399622286e-11,0,
0.0,0,
0,0,
0,0,
1,1,
1,1,
1,1,
1,0,
0,0,
1,1,
0,0,
0,0,
0,0,
0,0,
0.0586565877758,0,
0.000919456514277,0,
0.00142447320908,0,
1,0,
1,0,
0.017435235311,0,
0.937137648985,0,
0.408770416124,0,
0,0,
0,0,
0,0,
0.00215438914045,0,
1,0,
0.0059684939928,0,
0.00280700131477,0,
0.0224578896168,0,
0.102971576913,0,
0.0224924255613,0,
0.919738924586,0,
1,0,
0,0,
0,0,
0,0,
1,0,
1,0,
1,0,
1,0,
1,0,
0,0,
1,0,
1,0,
1,0,
0.706313653411,0,
0,0,
0,0,
1,0,
0.0,1,
1,0,
1,0,
0,0,
0.259023670742,0,
1,0,
0,0,
0,0,
0,0,
0.0490101241211,0,
0,0,
0,0,
0,0,
0,0,
2.47710995797e-11,0,
8.89734487031e-11,0,
0,0,
0,0,
7.5108012339e-11,0,
3.62896299144e-12,0,
0,0,
0,0,
0,0,
0,0,
0,0,
0,0,
0,0,
1,0,
1,0,
0,0,
0.427369733048,0,
0.107637780141,0,
1.4283913366e-06,1,
8.46796972013e-06,0,
0.00184317355998,0,
9.29338158845e-06,0,
0.00171994078872,0,
0.000644956980754,0,
3.19009503672e-06,0,
0,0,
2.40081435253e-05,0,
0.0,0,
0,0,
1,0,
1,1,
1,0,
1,0,
0,0,
0.900291370401,0,
0,0,
1,0,
1,0,
1,1,
1,0,
1,0,
1,0,
0.0,0,
0,0,
1,0,
1,1,
7.86951180569e-09,0,
1,1,
0,0,
1,0,
0,0,
0.000162276193173,0,
0,0,
0.000134683810337,0,
0,0,
0,0,
0,0,
7.0592391182e-06,0,
0.00241255680837,0,
0.111525689224,0,
1,0,
0.00109828760703,0,
0.278891670661,0,
1,0,
0.650465318066,0,
0.298013221536,0,
1,0,
0.218866249565,0,
0,0,
1,0,
0.635119401217,0,
1,0,
0.0126425806682,0,
0.326222984502,0,
0,0,
0.715643093645,0,
1,0,
1,0,
0,0,
0.33783046955,0,
0.368098404425,0,
1,0,
0.287286680966,0,
1,0,
1,0,
0,0,
1,1,
0,0,
1,0,
1,0,
1,0,
1,1,
1,0,
1,1,
1,0,
1,0,
1,0,
1,0,
1,0,
1,0,
1,0,
0,0,
1,1,
0.172971293457,0,
0.504715537867,0,
1,1,
1,0,
0,0,
1,0,
1,0,
1,0,
1,0,
0,0,
1,0,
1,0,
1,0,
1,0,
0,0,
0,0,
0,0,
1,0,
1,0,
1,1,
0,0,
0,0,
0,0,
1,1,
0,0,
1,0,
1,0,
1,0,
0,0,
0,1,
0,0,
0,0,
0,0,
0,0,
0,0,
0.239087499247,0,
0,0,
0,0,
0,0,
0,0,
0.823847923517,0,
0.127614376356,0,
2.80832208761e-05,0,
0.000123229474782,0,
0.00407705805836,1,
0,0,
0.0554434803744,0,
0.0100998838255,0,
0,0,
0.0273714778117,0,
0.106415115134,0,
0.270685721672,0,
0.531370602135,0,
0,0,
6.80942444182e-05,0,
0,0,
0.000725060052863,0,
0.00181310368041,0,
0.0488467492956,0,
0.00277538220502,0,
2.9939785566e-06,0,
0,0,
0,0,
0,0,
0,0,
0,0,
0,0,
9.29688887602e-09,0,
1,0,
0.00565363267347,0,
0.0270240935756,0,
0.0759606072595,0,
0.0172624692215,0,
1,0,
1,0,
0,0,
0.00988619196924,0,
0.0,0,
0.00807634879775,0,
0.00404876307808,1,
0,0,
0.0371664469944,0,
7.46352932945e-05,0,
0.000382459565169,0,
0.0678318101553,0,
0.0965670968573,0,
0.160826855966,0,
0.247380448268,0,
0.010546609264,0,
0,0,
0.000103693058898,0,
2.34307225724e-06,0,
0.00426188792855,0,
0.00013433138904,0,
1,1,
0,0,
1,0,
1,0,
1,0,
1,0,
0,0,
1,0,
1,0,
0,0,
0.421326335613,0,
0.190214159141,0,
0,0,
0,0,
1,0,
0,0,
0.00463542466225,0,
0,0,
0,0,
0,0,
0.368677427889,0,
0,0,
0,0,
0,0,
0.0311600105568,0,
0,1,
0,0,
0.000217827577937,0,
0,0,
0.0151958891986,0,
0,0,
0,0,
0.0898833279511,0,
0.0898833279511,0,
1,0,
0,0,
0,0,
0.752806077457,0,
0,0,
1,0,
1,0,
0,1,
0,0,
0,0,
1,0,
0,0,
0,0,
0,0,
0,0,
0,0,
1,0,
0,0,
1,0,
0,0,
1,0,
0,0,
0,0,
0,0,
1,0,
1,0,
0,0,
0,0,
1,0,
1,0,
0,0,
1,0,
0,0,
0,0,
0.271969567616,0,
0,0,
0,0,
1,0,
1,0,
0,0,
0,0,
0,0,
0,0,
0,0,
0,0,
1,0,
1,0,
0,0,
0,0,
1,0,
0,0,
1,0,
0,0,
0,0,
1,0,
0,0,
1,0,
1,0,
0.0305022153072,0,
1,0,
0,0,
1,0,
0,0,
1,0,
2.32567166105e-10,0,
1,0,
1,0,
0.00402161955451,0,
0.00492122120335,0,
0,0,
0,0,
0,0,
0,0,
1,0,
1,0,
1,0,
1,1,
1,1,
1,0,
1,1,
1,0,
0.0,0,
0.161010363311,0,
0.000230894735762,0,
1,0,
0,0,
1,0,
0.162702747575,0,
0.457966205852,0,
0,0,
0,0,
0,0,
0,1,
0.00215165781049,1,
0.00191500301484,0,
0,0,
0,0,
0,0,
0.0,0,
5.56381115361e-06,0,
0,0,
0,0,
1,0,
1,0,
1,0,
1,0,
1,0,
0,0,
1,0,
1,0,
1,0,
1,0,
1,0,
1,0,
0,0,
1,0,
0.117164535801,0,
0,1,
1,0,
1,0,
0,0,
1,0,
1,0,
1,0,
1,0,
1,0,
1,0,
1,0,
0,0,
0,0,
1,0,
0,0,
1,0,
1,0,
0,1,
0,1,
0,1,
1,0,
0.807827029849,0,
1,0,
0,0,
0,0,
0,0,
1,0,
0,0,
1,0,
0,0,
1,0,
1,0,
1,0,
0,0,
0,0,
0,0,
1,0,
0,0,
1,0,
0,0,
0,0,
1,0,
0,0,
1,0,
0,0,
0,0,
2.84088861054e-11,0,
0.000574932684452,1,
0,0,
0,0,
0.291055853503,0,
1,0,
0.0212706322956,0,
0.885467698133,0,
0.942997510428,0,
0.0111900108607,0,
1,0,
0,0,
1.49294118291e-06,0,
0,0,
0,0,
0,0,
0.315469580747,0,
1.23312881966e-06,0,
0.857551245025,0,
0,0,
1,0,
0,0,
1,0,
0,0,
0.0246833568,0,
0.510416737175,0,
0.68212736609,0,
0.365759068832,0,
0,0,
0.565714207359,1,
1,0,
0.00525079731073,0,
0,0,
1,0,
1,0,
1,0,
1,0,
1,0,
1,0,
1,0,
0.0335065634324,0,
0,0,
0.00192346070298,0,
0,0,
0,0,
1,0,
0,0,
0,0,
1,0,
1,0,
0,0,
0,0,
1,0,
1,0,
0,0,
0,0,
0,0,
1,0,
0.500163579836,0,
0.00420046533795,0,
0,0,
0,0,
0,0,
1,0,
0,0,
9.15805405974e-14,0,
1,0,
0,0,
1,0,
0,0,
1,1,
0,0,
0,0,
1,0,
0.000106084582621,0,
1,0,
1,0,
1,0,
1,0,
1,0,
1,0,
1,0,
1,0,
1,1,
1,0,
1,0,
1,0,
0.346237413066,0,
0,0,
0.146500200876,0,
0.327998037207,0,
0,0,
0.0623591701677,0,
0.166900904373,0,
1,0,
0.000888133402527,0,
1,0,
1,0,
1,0,
1,1,
0,0,
1,0,
1,0,
0,0,
1,0,
1,0,
1,0,
0,0,
1,0,
1,1,
1,0,
1,0,
0.227804483627,0,
0,0,
1,0,
1,0,
1,1,
0,0,
0,0,
1,0,
1,0,
1,0,
1,1,
0,0,
1,0,
1,0,
1,0,
1,0,
1,0,
0,0,
1,0,
1,0,
1,0,
1,0,
0.560994719737,0,
0,0,
1,0,
0.0186593456907,0,
1,1,
1,0,
0,0,
1,0,
0.609521154837,0,
0.609521154837,0,
1,0,
0,0,
1,0,
0,0,
0,0,
0,0,
1,1,
1,1,
1,0,
1,0,
0.326743704014,0,
1,0,
0.02997786634,0,
0,0,
1,0,
3.52216186701e-06,0,
4.43196122174e-10,0,
0,0,
1,0,
0,0,
0,0,
0,0,
1,0,
1,0,
1,0,
0.00117976688416,1,
0,0,
1,0,
0.0491621240633,0,
0,0,
1,0,
0.000617956515739,0,
0,0,
1,0,
0,0,
1,0,
0.305033123308,0,
1,0,
1,0,
1,0,
0.151761460687,0,
0.267880632441,0,
0.170077148124,0,
0,0,
1,0,
1,0,
1,0,
1,0,
1,0,
1,0,
0.0326658529889,0,
0,0,
0,0,
0,0,
0,0,
0,0,
0,0,
0,0,
0.59269362114,0,
1,0,
1,0,
1,0,
0,0,
1,0,
1,0,
0,0,
0,0,
1,0,
1,0,
1,0,
1,0,
1,0,
1,0,
1,0,
0.00406436293654,0,
0.000472928730165,0,
0.00485846341691,0,
5.59538812037e-05,0,
0,0,
0,0,
0,1,
0,1,
0,1,
0.105062696704,0,
0,0,
1,0,
0,0,
1,0,
0,1,
0,0,
0,0,
0,0,
1.58913566126e-11,0,
0,0,
0,0,
1,0,
1,0,
1,0,
1,0,
1,0,
0,0,
1,0,
1,0,
0,0,
1,0,
1,0,
1,0,
1,0,
0.00113926668459,0,
0.00103891544494,0,
1.21558183186e-12,0,
0,1,
5.07911763136e-12,0,
0,0,
5.68213530739e-12,0,
1.07850790512e-09,0,
4.37065231681e-13,0,
0,0,
3.23132241658e-11,0,
0,0,
1,0,
1,0,
1,0,
0,0,
0,0,
0.402231214915,0,
1,0,
0,0,
0.0289241742912,0,
0.0293770274986,0,
0,0,
0.000251310451467,0,
0.00214216703224,0,
0.00230740035503,0,
0.0220147453803,0,
0,0,
0,0,
0.000817242673433,0,
0,0,
0,0,
0,0,
0,0,
0.0308033012565,0,
1,0,
0,0,
1,0,
0.273152451536,0,
0,0,
0,0,
0,0,
0,0,
0.0290989507658,0,
0.00395644887121,0,
0,0,
0,0,
1,0,
0,0,
1,0,
0,0,
0,0,
0.00982694206824,0,
1,0,
1,0,
1,0,
1,1,
0,0,
1,0,
1,0,
1,0,
1,0,
0.012331559118,0,
1,0,
1,0,
1,0,
0.0852956896686,0,
0,0,
1,1,
0,0,
1,0,
1,0,
0,0,
0,0,
1,0,
1,0,
1,0,
0,0,
0.428193297785,0,
1,0,
0,0,
1,0,
0,0,
1,0,
1,0,
1,0,
0,0,
0,0,
0,0,
1,0,
1,1,
1,0,
0,0,
0,0,
1,0,
1,0,
1,1,
1,0,
1,1,
1,0,
1,1,
1,0,
0,0,
1,0,
0.0,0,
1,0,
1,0,
0,0,
1,0,
5.89308757016e-08,0,
1,0,
1,1,
1,1,
1,0,
0.166475876699,0,
1,0,
1,0,
0.0288908633737,0,
1,0,
1,0,
0,0,
0.0,0,
0.0016926536163,0,
1,0,
1,0,
0,0,
0,0,
0,0,
0.00204002616847,0,
0,0,
0,0,
0,0,
0.0603938073349,0,
0.332704982793,0,
0.00384368954016,0,
0.000278639950516,0,
1,0,
1,0,
0.310529571475,0,
0.0693254318194,0,
1,0,
0.0525900579491,0,
1,0,
1,0,
1,0,
0,0,
1,0,
0.000447561823478,0,
1,0,
0.0135777070598,0,
0,0,
0,0,
0,0,
1,0,
0,0,
0,0,
1,1,
0,0,
0.0192326756546,1,
0.0180858002173,0,
8.46507593824e-07,0,
0,0,
0,0,
0,0,
0.000329057258316,0,
5.76155126757e-05,0,
0.706242925848,0,
0.0964248044736,0,
0,0,
0.0520363015963,0,
5.69901133001e-13,0,
0,0,
0,0,
0.00104894751064,0,
0,0,
0,0,
1,0,
1,0,
1,0,
0,0,
1,0,
0,0,
0.0152132512031,1,
0.0464850828483,0,
0,0,
1,0,
0.619350951301,0,
0,0,
1,0,
0,0,
1,0,
0,0,
0,0,
0,0,
0,0,
0.0159604574612,1,
1,0,
0.384848988889,0,
0,0,
0.022550541141,0,
0,0,
0,0,
1,0,
0.030887635361,0,
0.0187985842568,0,
0.074374683268,0,
1,0,
0,1,
1,0,
0,1,
0,0,
0,0,
0,0,
0.00440494188053,0,
0,0,
0,0,
0,0,
0.00512319714592,0,
0,0,
0.141624533113,0,
0,0,
1,0,
0,0,
0.218729189135,0,
1,0,
1,0,
0.0156583350612,0,
0,0,
1,1,
0,0,
0.00738237907722,0,
1,0,
0,0,
1,0,
0,0,
0,0,
1,0,
0,0,
0,0,
0,0,
0,0,
0,0,
0,0,
0,0,
0.0612285140925,0,
0,0,
0,0,
0,0,
0,0,
1,0,
1,0,
0.497379610033,0,
0,0,
1,0,
0.000524740402759,0,
1,0,
0.56624281389,0,
0.105410250092,0,
1,0,
0.820968116619,1,
1,0,
0.136904627846,0,
0,0,
0.485880601173,0,
0.485880601173,0,
0,0,
0,0,
0,0,
0.400553561162,0,
1,1,
0,0,
0.423633133124,0,
1,0,
1,0,
1,0,
0,0,
0,0,
0,0,
3.17107642018e-10,0,
9.77787388589e-12,0,
2.73815366712e-09,0,
1.21011480688e-13,1,
0,0,
0,0,
1.70216723332e-12,0,
0,0,
2.12093245529e-12,0,
9.24937108292e-13,0,
0,0,
1.15820052535e-11,0,
0,0,
0,0,
1,0,
0,0,
1,0,
0,0,
0.000394638231047,0,
0.047394975174,0,
0,0,
0.72366845717,0,
1,0,
1,0,
1,0,
1.17542231735e-12,0,
0,0,
1,0,
1,0,
0.0652577706364,0,
0,0,
0,0,
1,0,
1,0,
0.149768558,1,
1,0,
0,0,
1,0,
1,0,
0,0,
1,0,
1,1,
0,0,
1,0,
0,0,
0,0,
1,0,
0,0,
1,0,
1,1,
0,0,
0,0,
0,0,
1,0,
0,0,
0,0,
0.528796141108,0,
0.607192247846,0,
0.0873092967603,0,
0,0,
1,0,
0,0,
0,0,
1,0,
0,0,
0,0,
0.00650710757786,0,
0,0,
1,0,
0,0,
0,0,
0,0,
0,0,
0,0,
0,0,
0,0,
0,0,
0,0,
1,0,
0,0,
0,0,
1,0,
0,0,
1,0,
1,1,
1,0,
1,1,
0.0857683535173,0,
0,0,
0.168829358439,0,
1,0,
0,0,
1,0,
0.0476910822144,0,
0,1,
0.100450916924,0,
0,0,
0,0,
0.0647333270733,1,
0.00428663827414,0,
0.00210668840123,1,
0,0,
0,0,
0.0647333270733,1,
0,0,
0,0,
0,0,
0,0,
1.76432403972e-11,0,
0,0,
0,0,
1,0,
1,0,
1,0,
0,0,
1,0,
1,0,
0,0,
0.000373414066586,0,
0,0,
0,0,
0,0,
0,0,
0,0,
0,1,
0,1,
0,0,
0.995524304254,0,
0,0,
1,0,
0,0,
0,0,
0,0,
0,0,
1,0,
0.0335903034854,0,
0,0,
1,0,
0,0,
0,0,
1,0,
1,0,
1,0,
0,0,
1,0,
0,0,
0.0,0,
0,0,
1,0,
1,0,
0,0,
1,1,
1,0,
1,0,
0.00028184013584,0,
1,0,
0.0299363950518,0,
1,0,
0.262104093678,0,
0,0,
0,0,
0,0,
0,0,
4.97428572349e-22,0,
0,0,
7.74674953392e-13,0,
1.47575656395e-12,0,
0,0,
0,0,
0,0,
0,0,
1.08781752643e-11,0,
0,0,
0.116791345597,0,
1,0,
0,0,
0,0,
0,0,
0,0,
1,0,
0,0,
0,0,
7.84663720054e-05,0,
1,0,
1,0,
1,0,
1,0,
1,0,
1,0,
1,0,
1,0,
1,1,
0.000878766920173,0,
1,0,
1,0,
1,0,
0.197839960922,0,
0.00316846571616,0,
0.201614684587,0,
0.00612794518903,0,
0,0,
0.868714187055,0,
0.0606377397593,0,
0.000269669197,0,
0,0,
1.32470093751e-10,0,
0,0,
0.650285740771,0,
1.89344925583e-05,0,
0,0,
0.661052018755,0,
0.0,0,
0.0,0,
0.0,0,
0.0,0,
0.0,0,
0.0,0,
0.0,0,
0,1,
1,0,
1,1,
1,0,
1,0,
1,0,
1,0,
0.866646581659,0,
1,0,
0.0144863690361,0,
1,0,
0,0,
0.543728500321,0,
0,0,
0.0206136542654,0,
0,0,
0,0,
0,0,
0,1,
0,0,
0.0378955517745,1,
0,0,
0.000175698192345,1,
0.0341621740615,0,
0.00599276430604,0,
0.000828044390908,0,
0,0,
8.61866410928e-06,0,
0.000360298670837,0,
0.00279448401594,0,
0,0,
0.000397084683367,1,
0.000301096364289,1,
0.00010500914779,0,
0,0,
0.250909469599,0,
0,0,
0,0,
0,0,
0,0,
0,0,
0.0313345230606,0,
0,0,
0.040052538073,0,
1,0,
1,0,
0,0,
0.575317615486,0,
1,0,
0.000672974962729,0,
0,0,
0,0,
0.026775869602,0,
0.339993822069,0,
0,0,
0.00863552230212,0,
0,1,
0,0,
1,0,
0.11870055597,1,
0,0,
0,0,
0.627275329504,0,
0,0,
1,0,
0.0131688458759,0,
1,0,
0,0,
0,0,
0,0,
0.0690442008414,0,
0,0,
0,0,
0.214633067818,0,
6.16145319599e-07,0,
3.24580859451e-05,0,
0.0174306087476,0,
0,0,
0,0,
0.00575803664653,0,
0.00241051813539,0,
0.00506524128124,0,
0.0101726799067,0,
0.1776412946,0,
2.11173235419e-12,1,
0,0,
6.69644608516e-14,0,
0,0,
0,0,
0,0,
0,0,
0.429552068654,0,
0,0,
0.00955343137614,0,
0.0712439619299,0,
1,0,
0.00207736231434,0,
0,0,
0,0,
0.0628032677493,0,
1,0,
1,1,
0.0102697401414,0,
0.000258854763802,1,
0.129524367838,0,
1,0,
0.257054422609,1,
1,0,
0,0,
0,0,
0.0481636592262,0,
1,0,
0,0,
0,0,
0,0,
0.0949678403314,0,
0,0,
0,0,
0.00903840790715,0,
0,0,
0.00277050131552,0,
1,0,
0.000290975337925,0,
0.00282019561322,0,
1,0,
0,0,
0,0,
0,0,
0,0,
1,0,
0,0,
0,0,
1,1,
0,0,
0.327483290457,0,
1,0,
0,0,
0.542304818951,0,
0.00824706493527,0,
0.0128698411627,0,
0,0,
0,0,
0,0,
0,0,
0,0,
1,0,
0,0,
1,0,
1,0,
1,0,
0,0,
1,0,
1,0,
0,0,
1,0,
0,0,
0,0,
0,0,
0.142166815577,0,
1,0,
0,0,
0,0,
0.000154178354077,0,
0.00555728921985,0,
0,0,
5.55072130043e-05,0,
0,0,
1.30764797745e-10,0,
2.18929999109e-11,0,
2.14102817824e-13,0,
4.66443007243e-11,0,
0,0,
1.404929613e-12,0,
0,0,
1,0,
0,0,
1,0,
0.102082276488,0,
1,0,
1,0,
0,0,
0,0,
1.53674958538e-05,0,
0,0,
0,0,
1,0,
0.00227645020619,0,
0,0,
0,0,
0,0,
0,0,
1,0,
1,0,
0,0,
0,0,
0.534662556961,0,
0,0,
0,0,
0.554618294399,0,
0,0,
4.70911382821e-07,0,
0.000528654148881,0,
1.01667270255e-05,0,
0,0,
0,0,
0.000441523492424,0,
4.87591344796e-05,0,
0.00767116723668,0,
0.00376037331275,0,
7.46934368348e-06,0,
0,0,
0.0082098362458,0,
7.78735263882e-06,0,
0.0,0,
0.00235811107883,0,
3.13671188069e-09,0,
9.71229504787e-09,0,
6.6738835748e-10,0,
1.98980479627e-19,0,
5.60402483208e-09,0,
1.75700392178e-09,0,
0.52690319256,0,
1,0,
1,1,
0,0,
1,0,
1,0,
1,0,
0,0,
1,0,
1,0,
1,0,
1,0,
1,0,
0,0,
0,0,
1,0,
1,0,
0,0,
0,0,
0,0,
0,0,
0,0,
0,0,
0,0,
1.44376148419e-06,0,
2.32742392778e-05,0,
0,0,
3.68077877861e-07,0,
1.27166835259e-06,0,
2.74758834921e-06,0,
0,0,
0,0,
8.01425035473e-15,0,
0,0,
0.0,0,
7.49551462532e-10,0,
1.6781500825e-06,0,
0,0,
1,0,
0.361562285402,1,
0.646164202128,1,
0,0,
8.92138875774e-06,0,
0.0777331148453,0,
0,0,
1,0,
1,1,
1,0,
1,0,
1,0,
1,0,
0,0,
1,0,
1,0,
0,0,
1,0,
0.278712260704,0,
1,0,
0,0,
1,0,
0,0,
1,0,
0,0,
1,0,
6.90626519713e-06,0,
0,0,
0,0,
0,0,
0,0,
0.000449533944708,0,
0.000330167254648,0,
3.11348423985e-06,0,
0,0,
0.000165355791855,0,
0.00606502052504,0,
6.55489469194e-09,0,
1,0,
0,0,
1,0,
0.0204011369434,0,
1,0,
1,1,
3.50201541447e-10,0,
0,0,
1,0,
0,0,
0,0,
1,1,
1,0,
1,0,
1,0,
0,0,
1,0,
1,1,
1,0,
1,0,
1,0,
1,0,
2.59502100351e-05,0,
0,0,
0,0,
0,0,
0,0,
0.000871983370302,0,
0.107202127545,0,
0.0346337864662,0,
0.580181909253,0,
1,0,
0,0,
1,0,
0,0,
1,0,
0,0,
1,1,
0,0,
0.0,0,
1,1,
0,0,
0,0,
1,0,
0,0,
1,1,
1,0,
1,0,
1,0,
0,0,
0,0,
1,0,
0.0,0,
1,0,
1,0,
1,0,
1,1,
0,0,
1,0,
1,0,
1,0,
1,0,
1,0,
1,0,
1,0,
0,0,
1,0,
1,0,
1,0,
1,1,
1,0,
1,0,
0.0027877259644,0,
0.0121163313503,0,
0.00544176776662,0,
0,0,
0.00559035923453,0,
0,0,
0.00680433246094,0,
2.90655399612e-07,0,
0.000185192182337,0,
0.173279447059,0,
0,0,
0.0347233015748,0,
0,0,
0.0025495517872,0,
8.88955935546e-05,0,
0.000138040483707,0,
0,0,
7.51600661788e-11,0,
0.058790190624,0,
0,0,
0.00444254072831,0,
0,0,
0,0,
0.00876471355725,0,
0,0,
0.00587310721337,0,
1,0,
0.104139482155,0,
0.197381266511,0,
0.0250828204334,0,
1,0,
0.00220858592159,0,
0.00151668398764,0,
1.55815032733e-05,0,
2.55393951532e-05,0,
1,0,
1,0,
1,0,
0.858211027428,0,
0,0,
0,0,
0,0,
0,0,
1,0,
0,0,
1,0,
0,0,
1,0,
1,0,
0.0645888059916,0,
0.406791468932,0,
1,0,
1,0,
1,0,
0,0,
0.0339469953841,0,
1,0,
0,0,
0,0,
0,0,
0,0,
1,1,
1,0,
0,0,
1.62686113201e-05,1,
0,0,
1,0,
1,0,
1,0,
1,0,
1,0,
1,0,
0,0,
0,0,
0,0,
0.0737410446369,0,
0.0603655405966,0,
0,0,
0,0,
1,0,
0,0,
0.00276787773362,0,
0.000200704281219,0,
0.340380281079,0,
0,0,
0.0224925806331,0,
1,0,
0,0,
0.743121684177,0,
1,0,
1,0,
0,0,
0,0,
0,0,
0,0,
1,0,
0.11351451391,0,
1,0,
0.0101984353264,0,
1,0,
0.211594182687,0,
0,0,
0.0301486058648,0,
0.305559336011,0,
0.000666144436385,0,
0.492434805787,0,
0,0,
0,0,
0,0,
0.0212964936756,0,
0,0,
0.0343176520301,0,
0.647247911151,0,
0,0,
0,0,
1,0,
1,0,
1,0,
0,0,
0.0185603210445,0,
0,0,
0.651324074616,0,
0,0,
1.50596202811e-11,0,
0,0,
5.27377847468e-10,0,
5.27377847468e-10,0,
0,0,
0,0,
0,0,
3.93361114875e-10,0,
1.7558188713e-09,0,
3.51347378357e-10,0,
1.62619768245e-11,0,
7.12545479086e-09,0,
0,0,
0.000351296954706,0,
0,0,
0,0,
0,0,
0.00113003031794,0,
0,0,
0,0,
0,0,
0,0,
0,0,
0,0,
0.0120798134007,0,
0.000149684318719,0,
0,0,
1,0,
1,0,
1,0,
0,0,
1,0,
1,0,
0,0,
1,0,
1,0,
0,0,
0,0,
0,0,
0,0,
1,0,
0,0,
1,1,
0,0,
1,0,
0,0,
1,0,
0,0,
0,0,
0,0,
1,0,
1,0,
1,0,
1,0,
1,0,
1,0,
0,0,
1,0,
0,0,
1,0,
1,0,
0.662938216516,0,
1,0,
1,0,
1,0,
1,0,
1,0,
1,0,
0,0,
1,1,
1,0,
1,0,
0.554920962977,0,
0,0,
0,0,
0,0,
0,0,
0.112646547238,0,
0.00139413902339,0,
1,0,
1,0,
1,0,
1,0,
0,0,
0,0,
0,0,
0.580738694265,0,
1,0,
0,0,
0,0,
1,0,
0,0,
0,0,
0.580963704512,0,
0,1,
0,0,
0.00393703490003,1,
0,1,
0.221180929905,0,
0,0,
0,1,
0,0,
0.206824308289,0,
0,0,
0.0747403816604,0,
0.256595814664,0,
0.765704355828,0,
1,0,
0,1,
0.0126448476723,0,
0,0,
0,1,
0,1,
0.00440703029521,0,
1,0,
0,0,
0,0,
0.0125969578717,0,
1,0,
1,0,
0.250951686289,0,
1,0,
0,0,
0,0,
1,0,
1,0,
0,0,
1,0,
1,0,
1,0,
1,0,
1,0,
1,0,
0,0,
1,0,
1,0,
0,0,
5.72974451059e-09,0,
3.51722136425e-10,0,
0,0,
1.27276712675e-12,0,
3.27437350509e-11,0,
0.589497445649,0,
0,0,
0.150120800772,0,
0.0143711629271,0,
0.0211149026843,0,
0.00117268296152,0,
0.0478179041649,0,
0,0,
0,0,
0,0,
0,1,
0,0,
4.35985440533e-10,0,
7.06868249973e-11,0,
0,0,
0,0,
1,0,
1,0,
0,0,
1,0,
1,0,
0.0,1,
0.0,1,
0.0,0,
0.0,0,
0.0,0,
0.0,0,
0.0,0,
0.0,0,
1,0,
0,0,
0.00292267921897,0,
1,0,
0,0,
0,0,
0.0140065977537,1,
1,0,
0,0,
0.0,0,
0,0,
0.0140065977537,1,
0.0140065977537,1,
1,0,
0,0,
0.0598403423528,0,
0,1,
0.270280272235,1,
0,0,
0.0368758745558,1,
0,0,
0.00258945158596,0,
0,0,
0,0,
0.000389593918972,0,
1,0,
0.0643899230104,0,
0,0,
0.0570432264137,0,
0.00078649843653,0,
1,0,
0.0983302787379,0,
0,0,
0.000215064667461,0,
0.0277201124537,0,
0.301335862539,0,
0.0593474681756,0,
1,0,
0,0,
1,0,
0,0,
1,0,
1,0,
0,0,
0.705856375656,0,
1,0,
1,0,
0.000822505499787,0,
1,0,
0,0,
1,0,
0,0,
0,0,
1,0,
0,0,
0,0,
1,0,
0,0,
1,0,
0,0,
1,0,
0,0,
0,0,
1,0,
0,0,
3.26782631963e-12,0,
1,0,
0.000362851011666,0,
0.123784357952,0,
0.481948841887,0,
0.00104470438425,0,
0.0,0,
1,0,
1,0,
0.899691702043,0,
0.116175978182,0,
0.000347004962659,0,
0.00168738775195,0,
0.000503095530141,0,
0.322090489989,0,
0.000313937937647,0,
0.422038891532,0,
0,0,
0.0,0,
0,1,
0.00171036491749,0,
0,0,
0.0157229895651,0,
0.0916330408277,0,
0,1,
0,0,
0.000925388836356,0,
0.609985924095,0,
0.132676826116,0,
0,0,
0.0122843104661,1,
0,0,
1,0,
1,0,
1,0,
0,0,
0,0,
0,0,
0,0,
0,0,
0,0,
0.0628434875402,0,
1,0,
1,0,
0,0,
0,0,
0,0,
0,0,
1,0,
1,0,
0,0,
1,0,
1,0,
1,0,
0,0,
0.073136926236,0,
1,0,
0,0,
1,0,
0,0,
0,0,
3.31777295843e-06,0,
2.24951594581e-05,0,
4.91369201594e-05,0,
1.148124506e-07,0,
0,0,
2.54993906523e-09,0,
0,0,
0.00207556380217,0,
0,0,
2.08133975056e-06,0,
7.24989817143e-05,0,
3.58338717936e-06,0,
1,0,
1,0,
1,1,
0,0,
0,0,
1,0,
1,0,
1,0,
1,0,
1,0,
1,0,
1,0,
0.607220263731,0,
1,0,
1,0,
1,0,
0,0,
1,0,
1,0,
1,0,
1,0,
1,1,
1,0,
0,0,
0,0,
0,0,
1,0,
1,1,
0,0,
0,0,
1,1,
1,0,
1,0,
1,0,
1,0,
1,0,
0.349139848785,0,
0,0,
1,1,
1,0,
0,0,
0,0,
0,0,
1,1,
0,0,
1,0,
2.83198740092e-08,0,
1,0,
0,0,
1,0,
0,0,
1,0,
0,0,
1,1,
1,0,
1,0,
1,0,
1,0,
1,0,
1,1,
1,0,
0,1,
0,0,
0,0,
0,1,
1,0,
1,1,
1,0,
0,0,
1,0,
0,0,
1,1,
1,0,
1.56719097626e-05,0,
1,0,
0,0,
1,0,
0,0,
0,0,
1,0,
0,0,
0,0,
0,0,
1,0,
1,0,
0,0,
0,0,
0.0415867977135,0,
1,0,
1,1,
0.00125850415778,0,
1,0,
0,0,
1,0,
0.0185414672173,0,
0.0592865828355,1,
0,1,
1,1,
0,0,
1,0,
1,0,
1,0,
1,0,
0,0,
1,0,
1,1,
1,0,
1,1,
1,1,
1,0,
1,1,
1,1,
1,1,
1,0,
1,0,
1,1,
1,1,
1,0,
1,1,
1,0,
1,0,
1,1,
1,1,
1,1,
1,1,
1.85468681222e-14,0,
0,0,
2.01302510054e-11,0,
6.31103945869e-13,0,
0,0,
1.30112199143e-10,0,
4.86636257291e-19,0,
0,0,
3.02327417843e-12,0,
7.42714378899e-11,0,
4.00232460307e-12,0,
3.42947909832e-11,0,
0,0,
0.0,0,
0,0,
1,0,
1,0,
1,0,
1,0,
1,0,
1,0,
1,0,
1,0,
1,0,
1,0,
0.000629417618979,1,
0.0298249517243,0,
0.0143120193629,0,
0.000499624480308,0,
0.705946990335,0,
0,0,
0.917350428021,0,
0,0,
0.000305733425411,0,
0.773863224597,0,
0,0,
1,0,
1,0,
1,1,
1,1,
0,0,
1,0,
1,1,
0,0,
1,0,
1,0,
1,0,
0,0,
1,1,
0,0,
0.0,0,
0,0,
0.00112711956833,0,
0.00477237160592,0,
0.000609916972132,0,
1,0,
0.0769423275053,0,
0.0440303413495,0,
0.0154814454145,0,
0.0110169759845,0,
0,0,
0,0,
1,0,
0,0,
0,0,
0.986169717463,0,
1,0,
1,0,
1,0,
0,0,
0,0,
0.0261463005018,0,
0,0,
0.0,0,
1,0,
0.0163353969785,0,
0,0,
0,0,
0,0,
0,0,
0,0,
0.00887100989935,0,
0.00617093383246,0,
0,0,
1,0,
0,0,
1,0,
1,0,
1,1,
0,0,
1,0,
0,0,
1,0,
0.172834565203,0,
1,1,
0,0,
0,0,
0.0974101806522,0,
0.000805996164789,0,
0.000827809496747,0,
0.0821352048388,0,
0,0,
0,0,
0.00547701949481,0,
0.000789997071126,0,
0,0,
0.217201905163,0,
0.623483024437,0,
0,0,
0,0,
0.000316077636201,0,
0.388929786418,0,
0,0,
0.000918679639221,0,
1,0,
0,0,
1,0,
1,0,
0,0,
1,0,
1,0,
1,0,
1,0,
1,0,
0,0,
0,0,
1,0,
1,0,
0,0,
0.0087201375691,0,
0.0,0,
1,0,
0,0,
0,0,
0,0,
0.218644020985,0,
0,0,
0,0,
0,0,
0,0,
0,0,
0,0,
0.000118836629233,1,
0.0539092441492,0,
0.00773489596272,0,
0,0,
0,0,
0.00630917140587,0,
8.94861711319e-15,0,
9.9832462575e-05,0,
2.94365550669e-05,0,
0,0,
1,0,
1,1,
0.000239935448044,0,
0,0,
1,0,
1,0,
1,0,
1,0,
1,0,
1,0,
0,0,
1.32747387153e-10,0,
1,1,
0.795885605876,0,
0,0,
1,0,
0,0,
0.223164530796,0,
1,0,
1,0,
0.490629088543,0,
1,0,
0.0632338339803,0,
0,0,
0,0,
0,0,
0.000378023214086,0,
0.162792369119,0,
1,0,
0,0,
0,0,
0.0,0,
1,0,
1,0,
0,0,
1,0,
0.000664793854037,0,
1,0,
1,0,
1,0,
8.93428087343e-08,0,
1,1,
1,0,
0,0,
1,0,
1,0,
1,0,
0.688327802087,0,
0,0,
1,0,
1,0,
0,0,
0,0,
1,0,
0.00691620304515,0,
1,0,
0.000747218485078,0,
3.42060496042e-05,0,
8.90656940134e-07,0,
1.26575248884e-05,0,
0,0,
0,0,
0.000109950261074,0,
0,0,
3.53195832814e-07,0,
0.0106802332547,0,
5.72375179589e-12,0,
0.000122565287832,0,
0,0,
0.00595991203818,0,
1,0,
1,0,
0.000617629705788,0,
0,0,
0.00143645270062,0,
0,0,
0,0,
1,1,
0,0,
0,0,
0.48012040318,0,
0,0,
0.0232318892013,1,
1,0,
1,0,
0.00866236866199,0,
0.022400457359,1,
1,0,
1,0,
1,0,
1,0,
0,0,
1,0,
1,0,
0.170629409998,0,
0,0,
0.000425632332416,0,
1,0,
0,0,
0,0,
0,0,
0.0,0,
0,0,
0,1,
1,0,
1,0,
0,0,
0.29083819767,0,
1,0,
0,0,
0,0,
0,0,
0,0,
0,0,
0,0,
0,0,
0,0,
0.00010922063133,0,
0,0,
0,0,
0,0,
0,0,
0,0,
0.0129373330719,0,
0,0,
1.63695883356e-05,0,
9.36473568203e-12,0,
0.00449573499675,0,
0,0,
0.00489777072401,0,
1.31635146255e-05,0,
1,0,
1,0,
1,1,
1,0,
0,0,
0,0,
1,1,
1,0,
0,0,
1,1,
1,0,
0,0,
1,0,
1,1,
0,0,
1,0,
0,0,
0,0,
1,0,
1,0,
1,0,
1,0,
0,0,
1,1,
1,0,
1,1,
1,0,
1,0,
0,0,
1.5689359821e-10,0,
1,0,
0,1,
1,0,
1,0,
1,0,
1,1,
0,0,
1,0,
0,1,
1,0,
1,0,
1,1,
1,1,
1,1,
1,0,
0,0,
1,0,
0,0,
0,0,
0,0,
0,0,
1,0,
1.04438380248e-11,0,
0,0,
0,0,
0,0,
0,0,
1.59920022927e-14,0,
0,0,
0,0,
0,0,
0,0,
0,0,
0,0,
0,0,
0,0,
0.0020540244657,0,
0,0,
0.00223660228528,0,
0.002738599254,0,
0,0,
0,0,
0,0,
6.4751263597e-06,0,
0,0,
0,0,
1,0,
0,0,
0.369910691296,0,
0,0,
0.60554999451,0,
1,0,
0.0,0,
1,0,
0.000376383906767,0,
1,0,
1,1,
0,0,
1,1,
0,0,
0,0,
0.129034481139,0,
0,0,
0,0,
1,0,
1,0,
1,0,
0,0,
1,0,
0,0,
0,0,
0.438020083133,0,
1,0,
1,0,
0.00963422179155,0,
1,0,
0.413425408857,0,
0,0,
1,0,
1,0,
1.49674519453e-05,0,
1,0,
1,0,
0,0,
0,0,
0.262856109525,0,
0.502530764612,0,
0,0,
1,0,
0,0,
0.00279561291249,0,
0,0,
0,0,
0,0,
0.482294231856,0,
0,0,
0,0,
0.0051831491807,0,
0,0,
0.00205707558479,0,
0.00206549811877,0,
4.90583308852e-06,0,
6.61041345727e-07,0,
0.00228743062852,0,
1.18741168729e-05,0,
0,0,
0,0,
0.00118437128647,0,
7.39904472365e-06,0,
0,0,
5.64702740841e-15,0,
1,0,
1,0,
1,0,
0.0692652206163,0,
0.007962834661,0,
0,0,
0.593800627674,0,
1,0,
0,0,
0.01301178135,0,
0.118198965248,1,
0,0,
0,0,
0,0,
0,0,
0,0,
0.13325631737,0,
1,0,
0,0,
0,0,
4.57155741444e-06,0,
0,0,
0,0,
1,1,
1,0,
1,0,
1,0,
1,0,
1,0,
1,1,
3.41177123086e-10,0,
0,1,
1,0,
0,0,
0,0,
0,0,
0,0,
1,1,
1,0,
1,0,
1,0,
1,1,
1,1,
1,1,
0,0,
1,1,
1,0,
1,0,
0,0,
1,0,
1,1,
1,0,
0,0,
0,0,
0,0,
1,0,
0,1,
1,0,
0,0,
0,0,
0.0158162362918,0,
0,0,
0.0188111008371,0,
0.00576312000398,0,
0.0400549922792,0,
0,0,
0,0,
0.045703796316,0,
1,0,
0,0,
1,0,
1,0,
0.0683005605352,0,
0,0,
1,0,
0.521498249566,0,
0.484118045562,0,
1,0,
0.131218637318,0,
1,0,
1,0,
0,0,
0.164617335583,0,
0,0,
0,0,
0.00308310567472,0,
0,0,
0.304670038002,0,
1,0,
1,0,
1,0,
0.0869082057643,1,
0.22496387829,0,
0.192512526159,1,
1,0,
0,0,
0,0,
0.857465482047,0,
0,0,
0,0,
0.100636150387,0,
0.0430156284157,0,
0.0922295920347,0,
0,0,
1.55497476766e-05,0,
1,0,
1,0,
0,0,
0,0,
0,0,
0,0,
1,0,
1,0,
1,0,
1,0,
1,0,
1,0,
0,0,
0,0,
0.333618918075,0,
0.349027012317,0,
0,0,
0,0,
0,0,
1,0,
1,0,
0.0849399691232,0,
0,0,
0,0,
0,0,
1,0,
1,0,
1.94934241045e-10,0,
0,0,
1.71468392285e-10,0,
0,0,
0,0,
1,0,
0.75491127282,0,
0.809275728265,0,
1,0,
0,0,
0,0,
1,0,
0,0,
0,0,
0.793667601707,0,
0.075640910627,0,
0,0,
0,0,
0.125358216532,1,
0.122255079463,0,
1,0,
0,0,
0.00101521165713,0,
0.00674929852934,0,
0.0233491919495,0,
0.0262188317749,0,
1,0,
1,0,
0,0,
0.0167923452286,0,
1,1,
1,0,
0.0661277747966,0,
0.0488449898925,0,
0,0,
1,0,
0.0572985534408,0,
0.948888202374,0,
0,0,
0.886338690316,0,
0.00386141654452,0,
1,0,
8.62043863716e-05,0,
1,1,
1,1,
1,0,
1.22184802951e-08,0,
1,0,
1,0,
0.0228789029329,0,
0.093652801245,0,
0.00171298677009,0,
0.000247733479258,0,
0.0733715137924,0,
0,0,
0.0538422941213,0,
0,0,
0.188882645778,0,
0,0,
0,1,
4.0287328882e-12,0,
1.00683312092e-09,0,
0,0,
0,0,
1,0,
0,0,
1,0,
0,0,
1,0,
0,0,
0,0,
0,0,
0,0,
0,0,
0,0,
0,0,
0,0,
0,0,
0,0,
2.6749952612e-12,0,
0.331427434151,0,
0,0,
0,0,
0.287157338787,0,
1,0,
1,1,
1,0,
1,0,
1,0,
1,0,
1,0,
1,0,
1,0,
1,0,
1,0,
1,0,
0,0,
0.0192017629517,0,
0,0,
0,0,
0,0,
0.000514502576837,0,
0,0,
0,0,
0.00158282651624,0,
0,0,
0,0,
1,0,
0.116516581718,0,
0,0,
0.0959397375087,0,
0.778889010509,0,
0.0862647716204,0,
0.0373232603155,0,
0,0,
0,0,
0,0,
1,0,
0,0,
1,0,
1,0,
0.15182603213,0,
0,0,
0.209651352766,0,
1,0,
1,0,
0.0684142313014,0,
0,0,
0.0918764095065,0,
0,0,
1,0,
0,0,
1,0,
1,0,
1,0,
0,0,
1,0,
1,0,
0,0,
0,0,
0,0,
0,0,
0.061469361447,0,
0.00172180950216,0,
0.0,0,
0,1,
0.568090071607,0,
0.10861690624,0,
0,0,
0.000950272302124,0,
1,0,
0.0070500013186,0,
1,1,
1,1,
1,0,
0,0,
1,0,
0,1,
0,0,
0,1,
0,0,
0,0,
1,1,
1,0,
1,0,
1,0,
0,0,
1,0,
0.198555640082,0,
1,0,
1,0,
0,0,
0.14038020832,1,
0,0,
0,0,
0,0,
0,0,
1,0,
1,0,
0,0,
1,0,
0,0,
1,0,
0,0,
1,0,
1,1,
1,0,
1,1,
1,1,
1,0,
0,0,
0.690802050973,0,
0,0,
1,0,
0.031558086394,1,
0.00746009894064,1,
0,0,
0,0,
0,0,
0.22620628534,0,
0.245518224244,0,
0,0,
0,0,
0.0229537049916,0,
0,0,
0,0,
1,0,
1,0,
1,0,
1,0,
0,1,
1,0,
1,0,
1,0,
1,1,
1,0,
1,0,
0,0,
1,0,
0.0931197586682,0,
0,0,
1,0,
1,0,
1,0,
1,0,
1,0,
0.00594847326225,0,
1,0,
0.00441229310608,0,
0.0347705985558,0,
0.00145524901946,0,
0.0724041084566,0,
0.77628677257,0,
0.60221199528,0,
1,0,
0,0,
1,0,
0,0,
0,0,
0,0,
0.153601731642,0,
0,0,
0.300445001468,0,
0,0,
0,0,
0,0,
0,0,
0,0,
1,0,
1,0,
0.0,0,
1,0,
0,0,
0,0,
2.49372666634e-06,0,
2.524969555e-13,0,
0.00348372957996,0,
0,0,
2.45061949586e-05,0,
0,0,
0,0,
0,0,
0,0,
0,0,
0,0,
6.09809769501e-13,0,
0.00253675594023,0,
0,0,
0.0311770778007,0,
1,0,
0,0,
0,0,
0.0424942318872,0,
1,0,
0,0,
0,0,
1,0,
0.016672694897,0,
0,0,
0,0,
0.00806269697316,0,
0,0,
0.159770652545,0,
0.0474193421901,0,
1,0,
1,0,
0.486620857965,0,
1,0,
0,0,
1,0,
1,0,
0,0,
1,0,
4.11681959337e-05,0,
6.22633429616e-05,0,
0.0847944093796,0,
0.0164184421737,0,
1,0,
0.691230193548,0,
0.928911406264,0,
1,0,
0,0,
1,0,
0.0452960179243,0,
0,0,
1,0,
1,1,
0.157432849967,0,
0,0,
0,0,
0.355376060726,0,
0,0,
1,0,
0.495116731654,0,
1,0,
1,0,
0.000153003238261,0,
0,0,
0,0,
0.00655075291602,0,
0.0492094263589,0,
0.0302935475531,0,
1,0,
0,0,
1,0,
0.0682683671744,0,
0.031800459393,0,
0.0522961292647,0,
0.0191963311186,0,
0,0,
1,0,
0,0,
0,0,
1,0,
0,0,
0.269379936402,0,
0,0,
0,0,
0,0,
0,0,
0,0,
1,0,
1,1,
0,0,
1,0,
1,0,
0,0,
1,0,
0.0,0,
1,0,
1,0,
1,0,
0,0,
0,1,
0.679428076165,0,
0,0,
0,0,
0,0,
2.93623094931e-06,0,
0,0,
0,0,
0.00189473245999,0,
0.528836749307,0,
0.0661981519534,0,
1,0,
0.000620705560761,0,
1,0,
0,0,
0,0,
0,0,
0.00396059842179,0,
0.000994289252929,0,
0.00103574570641,0,
3.94267779403e-06,0,
0,0,
4.3788064222e-06,0,
4.72178446084e-06,0,
2.71958420751e-06,0,
5.93792485251e-08,0,
0.00877623338193,1,
1,0,
0.00326796340845,0,
0.625807077214,0,
0,0,
0,0,
0.0233943558607,0,
0.0284832235808,0,
0.0742643733496,0,
1,0,
1,0,
0,0,
0,0,
0,0,
0,0,
0,0,
0,0,
0,0,
0,0,
0,0,
0,0,
0,0,
0.00101088494114,0,
0.00489440480226,0,
0,0,
0,0,
0.293131409016,0,
0,0,
0,0,
0,0,
9.41595015513e-05,0,
4.78078610019e-05,0,
9.33072254836e-05,0,
1.90337709321e-06,0,
0,0,
0,0,
0.000260849788917,0,
0,0,
0,0,
0,0,
0,0,
0,0,
0,0,
0,0,
1,0,
2.23000115957e-05,0,
0,0,
1,0,
1,0,
1,0,
0,0,
2.77624592778e-08,0,
0,0,
0.00853350764188,0,
0,0,
1,0,
1,0,
0,0,
1,0,
0,0,
1,0,
0,0,
1,1,
0,0,
1,1,
1,0,
0,1,
1,0,
0,0,
0.868940179528,0,
1,0,
1,0,
1,0,
0,0,
1,0,
0,0,
0.00327551330083,0,
0.000744204958267,0,
0,0,
0,0,
1,0,
0,0,
0,0,
1,0,
1,0,
0.168823063699,0,
1,0,
0,0,
1,0,
8.50515596248e-05,0,
1,0,
0,0,
0.113058248756,0,
0,0,
0,0,
0.00132452561314,0,
0,0,
0,0,
0.00871091346717,0,
0.236033284873,0,
0.00942730738999,0,
0,0,
0,1,
1,1,
0,0,
0,0,
0,0,
0,0,
0,0,
0,0,
0,0,
0,0,
0,0,
0.128780695112,1,
0.0138209352816,0,
0.377789615616,0,
0.456984577499,0,
0.00903712983081,0,
0.225915363836,0,
1,0,
0.188800326125,0,
0,0,
0,0,
1,0,
0,0,
0,0,
0,0,
0,0,
1,0,
0,0,
1,0,
1,0,
1,0,
1,0,
1,0,
1,0,
1,0,
0.00265138865636,0,
0,0,
0,0,
0,0,
0,0,
1,0,
0.00492942321006,0,
0.0104535880244,0,
1,0,
1,0,
0,0,
1,0,
0.00417832355727,0,
0,0,
0.0119216145554,0,
0.0102617050445,0,
0.0118197486109,0,
0,0,
0.577566033733,0,
0,0,
0.0991751710193,0,
0,0,
0,0,
4.68270939274e-06,0,
0.00197234049245,0,
1,0,
0,0,
1,0,
1,0,
1,0,
1,0,
1,0,
0,0,
1,0,
0,0,
0,0,
0,0,
1,1,
1,0,
1,0,
1,1,
1,0,
1,1,
1,0,
0,0,
1,0,
1,1,
1,0,
1,1,
1,0,
0,0,
0,0,
1,0,
1,0,
1,0,
0,0,
1,1,
0,0,
0,0,
0,0,
1,0,
0.0158904349323,0,
0,0,
1,0,
1.42487471747e-12,0,
0,0,
6.59633917207e-06,0,
0,0,
1,0,
0,0,
0.0,0,
0.0,0,
0.0,0,
0.0,0,
0.0,0,
0.0,0,
0.0,0,
0.0,0,
0.0,0,
0.0,0,
0.0,0,
0.0,0,
0.0,0,
1,0,
1,0,
1,1,
1,0,
1,0,
1,0,
1,0,
1,0,
1,0,
0.166188023847,0,
0.15239608255,0,
0.01890039144,0,
0.454274540794,0,
0.0248718802977,0,
0.000281524942891,0,
0.00073657762541,0,
0,0,
0,0,
0,0,
0,0,
1.34815984409e-11,0,
0,0,
2.09488957963e-11,0,
0,0,
0,0,
0,0,
2.36811049219e-11,0,
0,0,
5.59858624424e-10,0,
3.1649675796e-05,1,
0.0285233057884,0,
0.0426162702952,0,
0,0,
0.000238845670287,0,
0,0,
0.000736090293596,0,
0,0,
4.26900688254e-08,0,
0.282061368578,0,
1,0,
1,0,
1,0,
0.290002954065,0,
0.00584809625839,0,
0,0,
0.294105715681,0,
0,0,
0.00041924080306,0,
1,0,
0.00036418080077,0,
0,0,
0,0,
0,0,
0,0,
0.0012080196478,1,
0.00221348981123,0,
0.000103604038763,0,
0.00256798361796,0,
0,0,
0,0,
0.000765958503246,0,
0,0,
8.93390928504e-05,0,
0,0,
0.0092962692399,0,
1,0,
0,0,
1,0,
0,0,
1,1,
1,0,
1,0,
0,0,
1,1,
1,0,
0,0,
0,1,
1,0,
0,0,
0,0,
0,0,
0,0,
0,0,
1,0,
0,0,
1,0,
1,0,
1,0,
1,0,
0.386690133872,0,
0,0,
0.363953093703,0,
1,0,
5.4449452898e-08,0,
1,0,
0.0873495817902,0,
1,0,
0.178065483259,0,
1,0,
0,0,
0.611619011743,0,
0.0135091267649,0,
0,1,
0.0424036674452,0,
0.0277582783841,0,
0.0735792234124,0,
0,0,
1,0,
0,0,
0.00420644433937,1,
0,0,
0.0038906204966,1,
0.335454826595,0,
0.0328491164578,0,
0,0,
0.00426637711907,0,
0,0,
0,0,
1,0,
1,0,
0,0,
0,0,
0.0160151697934,0,
0.0058842870151,0,
1,1,
1,1,
1,0,
1,0,
1,0,
1,1,
1,0,
0,0,
1,0,
1,0,
0.00483360610481,0,
0.174180842752,0,
0.172977132204,0,
0.00374444236222,0,
9.40424602018e-05,0,
0.0163589748481,0,
0.283143093704,0,
0.00312920561913,0,
0,0,
0.72730056074,0,
0.881518030311,0,
0.489916455016,0,
0.592013442529,0,
0,1,
0,1,
6.62366717886e-10,0,
0,0,
0,0,
0,0,
0,0,
0,0,
1.43666206448e-10,0,
1.85986593657e-11,0,
0,0,
1.10969418205e-10,0,
1.02389139924e-15,0,
0.190887035071,0,
0.0249421847623,0,
0.384945343175,0,
0.267188614468,0,
0.0521523040799,0,
1,0,
0,0,
1,0,
0,0,
0,0,
1,1,
1,0,
0,0,
0,0,
1,1,
0.0439878631231,0,
0.444148592472,1,
0,0,
0,0,
2.10261961494e-06,0,
1,0,
0.0418073824323,0,
0.0291961890223,1,
0,0,
1,1,
0,0,
0.00130210318151,0,
1.65857806022e-06,0,
0,0,
0,0,
0,0,
0.00446342012658,0,
2.90905318689e-05,0,
6.48180894486e-06,0,
7.42691065994e-06,0,
7.2024430576e-05,0,
0.0959877962803,0,
0,0,
0.0727192824499,0,
0.0076668615765,0,
0.00274929399938,0,
0.0,0,
0.0,1,
0.0,1,
0.0,0,
0.0,0,
0.0,0,
0.0,0,
0.0,0,
0.0,0,
0.0,0,
0.0,0,
0.0,0,
0.0,0,
0.0,0,
0,0,
0,0,
0.125527409049,0,
0.0382707671212,0,
0.414886237314,0,
0,0,
1,0,
0,0,
0.0142882704132,0,
1,0,
1,0,
0,0,
0,0,
0,0,
0.0283406850542,0,
0,0,
5.66628935564e-10,0,
0,0,
0,0,
8.45040157323e-06,0,
0.000631500516577,0,
0.00283168530964,0,
0,0,
0.000190646433549,0,
0,0,
0,0,
1,0,
0.694534035852,0,
0.0100945950201,0,
0,0,
1,0,
0.176205579773,0,
1,0,
0,0,
0,0,
0,0,
0,0,
5.23799473657e-05,0,
0,0,
0,0,
5.15772415382e-07,0,
5.15772415382e-07,0,
0,0,
0,0,
0,0,
1,0,
1,0,
0,0,
0,0,
0,0,
0.0863619284049,0,
0,0,
0.00951980927064,0,
0.076711645104,0,
0.0946453970881,0,
0.0201174234714,0,
1,0,
0.000263461692533,0,
0.000124633267413,0,
0.00125081245946,0,
0.0106422630441,0,
0.0414800798766,0,
0.00273925516543,0,
0,0,
1,0,
0,0,
0.120376380776,0,
0.00297928100801,0,
0.00093324836992,0,
0,0,
1,0,
0.00556695786363,0,
0,0,
0,0,
0.117317585054,0,
0,0,
1,0,
1,0,
0,0,
1,0,
0,0,
1,0,
0,1,
0,0,
1,0,
0,0,
0,0,
1,0,
1,0,
1,0,
1,0,
1,0,
1,1,
1,0,
0,0,
1,0,
1,0,
1,1,
1,0,
1,0,
1,1,
1,0,
0,0,
1,0,
0,1,
0,0,
0,0,
1,0,
1,0,
0,0,
1,0,
0.0150120461233,0,
1,0,
1,0,
0,0,
0,0,
1,0,
1,0,
1,1,
1,0,
1,0,
1,0,
1,0,
1,0,
1,0,
0,1,
1,0,
0,0,
1,0,
0,0,
0.0126112907772,0,
1,0,
0.266388034669,0,
1,0,
1,0,
0,0,
0,0,
1,1,
0.361629028221,0,
0.00501704909574,1,
0.14171451751,0,
0.00319158330583,1,
0,0,
0,0,
0,0,
0,0,
0.144229169502,0,
0.0493161814684,0,
1.57748929909e-05,0,
0,0,
0,0,
1,0,
0,0,
0,0,
1,1,
1,0,
0,0,
1,0,
0,0,
0.242396161063,0,
1,1,
1,0,
1,1,
1,0,
0,0,
0,0,
0,0,
0,0,
1,0,
1,1,
0,0,
0,0,
2.8736945161e-11,0,
0,0,
0,0,
7.55659773101e-12,0,
0,0,
0,0,
1.51315854748e-12,0,
0,0,
3.71129630898e-12,0,
0,0,
0.000457662294325,0,
0,0,
0.286557771594,0,
1,0,
1,0,
0.0168288325354,0,
1,0,
0,0,
0,0,
0.027812620543,1,
1,0,
0.027812620543,1,
0.00262825118952,1,
1,0,
0,1,
0,0,
1,0,
0.833615390702,0,
0.0272477793168,0,
0.0107132760178,0,
0.0145329596516,0,
0.208173210001,0,
0,0,
0,0,
0,0,
0.0296858329816,0,
0.360995420472,0,
0,0,
0,0,
0,0,
0,0,
0,0,
0,0,
0,0,
0,0,
0,0,
1,0,
0.0,0,
0.913186989703,0,
0.0245198376757,0,
0.00152677020997,1,
0.0237676301288,0,
0,0,
0.00239449614232,0,
0,0,
0,0,
0.0374286758912,0,
0,0,
6.84937900997e-05,0,
0.000379213238986,0,
0,0,
1,0,
0,0,
0,0,
1,0,
0.061808535069,0,
0.0514627536005,0,
0,0,
0.0231831540051,0,
0.000195900396549,0,
1.22931131034e-07,0,
2.21783267121e-05,0,
3.88741636256e-06,0,
1.38690301616e-05,0,
3.23670493037e-06,0,
0,0,
0,0,
4.2698140089e-05,0,
2.59716126556e-06,0,
0.000120989479445,0,
7.56411777621e-06,0,
0.000185516519474,0,
0,0,
1,0,
0,0,
0,0,
1,0,
0,0,
0,0,
1,1,
0,0,
0.0542351878236,0,
1,0,
0,0,
0.00437982380935,0,
1,0,
0,0,
1,0,
1,0,
0.00188675915938,0,
1,0,
0.0,0,
0.0,0,
0.0,0,
0.0,0,
0.0,0,
0.0,0,
0.0,0,
0.0,0,
0.0,0,
1,0,
0,0,
1,0,
1,0,
1,1,
1,0,
0,0,
0,1,
1,0,
0,0,
0,0,
1,0,
1,0,
0.00844945750341,0,
1,0,
0,0,
0.0135800795148,0,
0.961855582568,1,
0,1,
0,0,
0,0,
0,0,
0,0,
0,0,
0,0,
1,1,
0,0,
1,0,
1,0,
1,0,
1,0,
1,0,
0,0,
1,0,
1,0,
0,0,
1,0,
0.0357406989721,0,
0,0,
0,0,
0,0,
1,0,
1,0,
1,0,
1,0,
0,0,
1,1,
8.59808523632e-06,0,
1,0,
1,0,
1,0,
1,0,
0,0,
0,0,
0.00645529533711,0,
0,0,
1,0,
1,0,
1,0,
1,0,
1,0,
1,0,
1,0,
1,0,
1,0,
1,0,
0,0,
1,0,
1,0,
0.0459904396396,0,
1,0,
0,0,
1,0,
1,0,
1,0,
0.451799820502,0,
0,0,
1,0,
1,0,
0,0,
0.847533836962,0,
0.0205907344169,1,
0.479525260524,0,
0,0,
1,0,
0,0,
0,0,
1,0,
0.0373517500458,0,
1,0,
0,0,
1,0,
0.0,0,
0.00340921981897,0,
0.0906763123659,0,
0.140132573769,0,
0.628774375764,0,
0.00446030907863,0,
0.187705257921,0,
0,0,
0.00223140491705,0,
1.63386750309e-06,0,
1,0,
1,0,
1,1,
1,0,
0,0,
1,0,
0,0,
1,0,
1,0,
0.000230895096742,0,
1,0,
1,0,
1,0,
1,0,
1,0,
0.000866989786168,0,
1,0,
0.0892528134648,0,
0.958767894302,0,
0.308256657143,0,
0,0,
0.493782702867,0,
1,0,
0.65030682762,0,
0.00358992827786,0,
0.000236949152013,0,
0.0,0,
0.85096100113,0,
0.291561465284,0,
0.0101406447617,0,
0,0,
0,0,
0.0629551280298,0,
0,0,
0,0,
0.28067322702,0,
0.0637506838753,0,
0,0,
0,0,
0.0568942510361,0,
1,0,
1,0,
0,0,
8.99119535497e-06,0,
5.97194579992e-13,0,
0,0,
0,0,
0.182301376548,0,
0,0,
0,0,
0,0,
0,0,
0.179788112438,0,
0,0,
0,0,
1,0,
1,0,
1,1,
0,0,
1,0,
1,0,
1,0,
0.0183151474889,0,
1,0,
0,0,
1,0,
0,0,
0,0,
1,0,
1,0,
1,0,
1,0,
0,0,
1,1,
1,0,
0.435304372724,0,
0,0,
0,0,
0,1,
0,0,
1,1,
4.0825598307e-05,0,
0.102004458599,1,
1,0,
0.00237124689348,0,
0.102004458599,1,
1,0,
0,0,
0,0,
0.103659159848,0,
5.46591636167e-09,0,
0.116354175983,0,
0,0,
0,0,
0.0104475181433,0,
3.50664317787e-07,0,
0,0,
4.83018043543e-09,0,
7.95243660728e-10,0,
0,0,
1.53503317655e-08,0,
2.07481282316e-08,0,
0,0,
2.05267007286e-06,0,
0,0,
0,0,
0.00884405964105,0,
0.000663866916004,0,
0,0,
0,0,
0.00498349488059,0,
0.00510410741851,0,
0,0,
1,0,
0,0,
0,0,
1,0,
0.210498676877,0,
0.369768234331,0,
4.10898039618e-06,0,
1.0711041644e-06,0,
7.65623508197e-07,0,
0,0,
5.76513238985e-07,0,
1,1,
1,0,
1,1,
1,0,
0,0,
0,0,
0,0,
0.155410828862,0,
1,0,
1,0,
1,0,
1,0,
1,0,
0.0015629779937,0,
1,0,
1,0,
1,0,
0,0,
0,0,
1,0,
0,0,
0,0,
1,0,
0,0,
0.0,0,
0.0,0,
0.0,0,
0.0,0,
0.0,0,
0.0,0,
0.0,0,
0.0,0,
0.0,0,
0.0,0,
0.0,0,
0.0,0,
0.0,0,
0.0,0,
0,0,
0,0,
1,1,
0.788638118358,0,
0,0,
0.0222092656281,0,
0.403650715494,0,
1,0,
1,0,
1,1,
0.000298574514581,0,
1,0,
0.909706244587,0,
0,0,
0,0,
0.0109412771852,0,
0,0,
0.0421428077153,0,
0.260657853355,0,
1,0,
0.0,0,
0,0,
0.161817256296,0,
1,0,
0,0,
1,0,
1,0,
1,0,
1,0,
0,0,
0,0,
0,0,
0,0,
0,0,
0.00490965619205,1,
0.00112397379764,0,
0.00200504848081,0,
0,0,
1.48974269427e-12,0,
0,0,
0,0,
0.0576406856318,0,
0.812581939809,0,
0.0194218631024,0,
0,0,
1,0,
1,0,
1,0,
0.551851173865,0,
0.188156102309,0,
1,0,
0,0,
1,0,
1,0,
1,0,
0.015759194617,0,
0.963718522523,0,
0.00174194980181,0,
0.00174194980181,0,
0,0,
0.00025394034147,0,
4.80467644902e-05,0,
0.00540828185884,0,
0.158140185262,0,
0,0,
0,0,
1,0,
0.000598360100802,0,
0.0113244079716,0,
0.00041679908316,0,
0,0,
0,0,
0.13320606421,0,
0.046797138258,0,
0,0,
0,0,
0.00696205918434,0,
0.000486967321935,0,
0,0,
0.00441351899747,0,
4.62275172684e-05,0,
0.00501665960898,0,
7.00413716824e-06,0,
0.0191282501183,0,
4.55469193152e-07,0,
3.08302866277e-05,0,
3.7446470172e-06,0,
1,0,
1,0,
1,0,
1,0,
0.000340965440768,0,
1,0,
0,0,
0,0,
1,0,
0,0,
0.0112011834926,0,
1,0,
0,0,
0,0,
1,0,
0,0,
1,0,
0,0,
0,1,
1,0,
1,0,
0,0,
1,0,
0.156532502137,0,
0.00146960427189,0,
0,0,
0.00132039515653,0,
1.96055601043e-05,0,
0,0,
0.364004573981,0,
0.0,0,
0,0,
0,1,
0.0922683267772,0,
0.0181639207863,0,
0.095327915287,0,
0.32250448356,0,
1,0,
0,0,
0,0,
0,0,
0.00689604987794,0,
0,0,
0,0,
0,0,
1,0,
1,0,
0,0,
1,1,
1,1,
0,0,
1,0,
1,0,
1,0,
1,0,
1,0,
0.0905607516561,0,
0,0,
1,0,
0,0,
0,0,
0,0,
0,0,
0,0,
0,0,
0,0,
0.0,0,
0,0,
0,0,
0.000737572632536,0,
0.00875543447203,0,
0,0,
0.306354051109,0,
0.000316203129918,0,
0.705946990335,0,
0,0,
0.313858193739,0,
8.89124411716e-05,0,
0.0122062914955,0,
0,0,
0.72843770564,0,
2.39725612431e-05,0,
0.00437342810771,0,
1,0,
1,0,
0,0,
0,0,
1,0,
0,0,
1,0,
1,0,
0,0,
1,0,
0,0,
1,0,
0,0,
0,0,
0,0,
3.24946310786e-11,0,
0,0,
0,0,
0,0,
0,0,
1.10778869513e-11,0,
0,0,
1.53963342807e-11,0,
0,0,
0.00224093278591,0,
0.0053576398541,0,
0.00123837372766,0,
0.000252274613143,0,
1.37057774774e-05,0,
0.0724245163088,0,
0.000385177459526,0,
0,0,
0.00112285449989,0,
0.00112285449989,0,
0,0,
0,0,
0.0340810468754,0,
0,0,
0,0,
1,0,
0.000174987795324,0,
0.00149622848204,0,
0,0,
